t	c_star	i_star	y_star	l_star	c	i	y	l	k_lag	z	w	e_c	e_i	e_y	e_l
1	-3.35602776952685	-2.86851007506307	-2.85730349617394	-0.72242896534031	-2.9000435294382	-3.17039781377168	-2.96422699935595	-0.0320917349588746	-4.19245627820923	-1.54534708331362	-0.799479243675173	-0.455984240088654	0.301887738708607	0.106923503182013	-0.690337230381435
2	-3.01062678899552	-5.21042058726578	-3.92391201114086	-0.520049776160963	-3.26916476298162	-5.22840768972611	-3.73430745479449	-0.232571345906434	-4.16690481659829	-2.19029161865743	0.740926095977368	0.258537973986097	0.017987102460326	-0.189604556346377	-0.287478430254529
3	-3.27839241866907	-2.55769399460847	-2.58053490947349	-0.552654931739097	-2.71430697548066	-2.16996044800543	-2.58507224769439	0.0646173638931336	-4.19344238842648	-1.23033636081432	-0.303029515506396	-0.564085443188413	-0.387733546603034	0.00453733822090524	-0.617272295632231
4	-2.95562281139459	-3.57342537852583	-3.35728980735536	-0.117603905640868	-2.7967325647233	-2.76231336098096	-2.78855974795526	0.00408640838402025	-4.14285533991596	-1.41033224023929	1.54449147580984	-0.158890246671287	-0.811112017544877	-0.568730059400102	-0.121690314024888
5	-1.63102638115029	2.73446252923741	-1.1110261764288	0.953926337187334	-1.78405951076606	2.57424597696115	-0.749352450446537	0.517353530159764	-4.10834179044258	0.275192459594481	0.424416779575045	0.153033129615777	0.160216552276258	-0.361673725982263	0.43657280702757
6	-0.844420653292427	4.29731857663532	0.220037182260696	0.231062472383834	-1.47028898905857	3.76507658802142	-0.227359063784343	0.621464962637112	-3.94127709625749	0.672089993210078	0.212347522984554	0.625868335766141	0.532241988613892	0.44739624604504	-0.390402490253278
7	-1.05451866805041	4.35792749300541	-0.67566630768857	0.47879821502491	-1.29320628491314	4.14608159404876	-0.00186320930825035	0.645671537802446	-3.74861825415052	0.817228516873624	1.29765187630962	0.238687616862731	0.211845898956653	-0.67380309838032	-0.166873322777536
8	-0.584974526146324	8.29012878395986	1.51602491161635	0.501557456713585	-0.480944796175379	7.92445585626723	1.51458333135874	0.99776406376706	-3.55125075794553	2.03315754149588	0.963217605596277	-0.104029729970945	0.365672927692623	0.0014415802576056	-0.496206607053475
9	0.4611247603754	10.2765497955685	2.61203524508793	1.89292903010566	0.104178868508153	10.2180734491418	2.50532060886467	1.20057087017826	-3.26435809259022	2.79305939294257	0.0683361190868302	0.356945891867247	0.0584763464266236	0.106714636223258	0.692358159927402
10	0.390092733097687	10.1633073255098	2.44382938273377	1.66712439120394	0.139189292237611	9.40880696245628	2.33989106096045	1.10035088436142	-2.92729730404691	2.58208957273514	-0.516100043290474	0.250903440860076	0.754500363053523	0.103938321773315	0.566773506842516
11	-0.483088406056127	7.45242157515443	0.348292050645182	0.982343024425684	-0.172371430725573	6.82303371353319	1.48840922492735	0.830390327826462	-2.61889469738433	1.80778057217115	1.19604860093315	-0.310716975330554	0.629387861621242	-1.14011717428217	0.151952696599222
12	0.502556005825178	9.72000352846627	2.76831823299494	1.05862964424785	0.539608956320606	9.9483883773771	2.77334895211478	1.11686999789709	-2.3828464871114	2.82305111588718	-0.524144177818513	-0.0370529504954274	-0.228384848910836	-0.00503071911983525	-0.0582403536492375
13	1.58752020419336	7.82893842107686	1.82999227913763	1.84702825353908	0.208992324652106	7.26063335366096	1.88312376964429	0.83706572249609	-2.07456561549918	2.01660182647995	1.1239227259464	1.37852787954125	0.5683050674159	-0.0531314905066583	1.00996253104299
14	0.426981824006341	9.43004625031857	2.93187952323337	0.203604983948864	0.86473105642392	10.0918304617621	3.05533820582049	1.09530357469828	-1.84118564127018	2.93886436977836	2.18392171403876	-0.437749232417579	-0.661784211443513	-0.123458682587116	-0.89169859074942
15	2.10664638229433	16.2449557026553	4.79978994057588	1.82929400732768	2.12329748194798	15.9684232369534	5.41027060993775	1.64348656399488	-1.54286023869437	4.82889964683929	1.28702106970981	-0.0166510996536512	0.276532465701905	-0.610480669361872	0.185807443332796
16	2.20509318603682	17.8097854738452	6.60835935997995	2.25882391086863	2.80606373998938	18.339990706611	6.49397518190147	1.84395572095605	-1.10507815180318	5.63303075186516	-0.393263915415251	-0.600970553952562	-0.530205232765745	0.114384178078485	0.414868189912584
17	2.17712658128981	15.8132151781163	5.22711032857719	0.612204706553475	2.47098384169682	15.1020556522306	5.46972800587527	1.49937208208923	-0.618951430342825	4.6764637612634	0.421192660164305	-0.293857260407008	0.711159525885741	-0.242617677298084	-0.887167375535753
18	3.3540356478556	15.0178067482634	5.7477615188041	2.11790188970414	2.62975882119937	14.7918938478313	5.51717253071312	1.44370685475687	-0.22592625327849	4.63001004530136	0.449625298007934	0.724276826656232	0.225912900432142	0.230588988090986	0.674195034947271
19	3.13239455549648	15.6369015475676	5.80019099024793	0.955332158441332	2.79975623398026	14.5940180865472	5.59983301580324	1.40003839091149	0.149519249249254	4.61663433877916	0.352548117119904	0.332638321516213	1.04288346102037	0.200357974444694	-0.444706232470154
20	2.31722894222978	13.7972364371806	5.91356982927506	1.33423834284828	2.90636999663065	14.0981416064944	5.56340939480725	1.3285196990883	0.510631720181703	4.50751902202115	1.24192156037168	-0.589141054400873	-0.300905169313822	0.350160434467808	0.00571864375997862
21	3.89375897214046	16.462014698549	6.53244541692408	1.50387516653342	3.53499296582705	16.4691673880587	6.60569627104231	1.53535165260763	0.850319467339521	5.29868868019072	-0.352497342547369	0.35876600631341	-0.00715268950970624	-0.0732508541182278	-0.0314764860742153
22	3.18448481837214	14.1405155154542	5.53434210977147	2.09157363932876	3.19844726908915	13.5063852474041	5.64565540257059	1.22360406674072	1.2407906653575	4.41632246962428	-0.345996669884663	-0.0139624507170042	0.634130268050108	-0.111313292799126	0.867969572588042
23	2.68973567894659	11.5929681501065	4.05357591133452	0.125673102469504	2.8781778315318	10.8790564323096	4.77766667835421	0.949744423411202	1.54743052990867	3.62869355277719	1.04754519691266	-0.188442152585217	0.713911717796878	-0.724090767019691	-0.824071320941699
24	2.90841186931456	12.7248028702792	5.74971628467126	0.270826770452972	3.39343599645215	12.956050691068	5.66369668212646	1.13513034283715	1.78072117746869	4.31336939441213	-0.0816414262638184	-0.485024127137588	-0.231247820788725	0.0860196025448021	-0.864303572384181
25	2.79767303492479	11.9800447554036	5.47688195577367	0.406422542514329	3.22259787671025	11.2119068596599	5.11933981235985	0.948370967824802	2.06010441530867	3.8003910287071	0.297392921592254	-0.424924841785459	0.768137895743652	0.357542143413813	-0.541948425310472
26	3.59170948739415	10.2746626946354	5.51043795090313	0.0904861058677815	3.28215938151772	10.8548309680222	5.07998731859283	0.898913968537556	2.28889947641745	3.71774484742864	-0.705697453923191	0.309550105876435	-0.580168273386847	0.430450632310299	-0.808427862669774
27	3.50983159158912	7.30943065798829	4.1110183538225	1.20829982823919	2.74673594724177	7.34565638718556	3.83856527137678	0.545914662067502	2.50304776370757	2.64027290876259	-0.687406479900913	0.763095644347344	-0.0362257291972665	0.272453082445722	0.662385166171692
28	2.53682107223343	3.80786702803079	2.54148384484172	-0.545445021603288	2.24170690529105	4.27513220407591	2.72446174397986	0.241377419344402	2.62411297929452	1.68883913798541	0.0791389536912589	0.295114166942374	-0.467265176045126	-0.182977899138135	-0.786822440947691
29	2.00489402806944	3.77335213545572	2.33651301927497	-0.173432251788289	2.20821665444318	3.97314321882466	2.62722716955264	0.209505257554729	2.66538845991406	1.59909417787813	-1.07401030212292	-0.203322626373738	-0.199791083368935	-0.290714150277669	-0.382937509343018
30	1.4181766706382	0.529153611568068	0.532393590490493	0.0716154933906868	1.49433476449567	0.0424233978818027	1.14963546914667	-0.172349647674501	2.69808232888682	0.365174457967395	-0.810139002797385	-0.0761580938574721	0.486730213686265	-0.617241878656175	0.243965141065187
31	0.727969223761856	-2.15380272357221	0.423765615866335	-0.599725045732864	0.962414079820438	-2.61787941599769	0.112415401955535	-0.424999338932452	2.6316908556117	-0.481481990626729	-0.997656819810461	-0.234444856058582	0.464076692425478	0.3113502139108	-0.174725706800412
32	-0.143122274771473	-4.79805927359039	-1.43470354054385	-0.420577998434888	0.338969209110848	-5.57785212263916	-1.06574472220647	-0.702356965658659	2.50045159882146	-1.43099061137452	1.63523772040453	-0.482091483882321	0.779792849048765	-0.368958818337378	0.281778967223771
33	0.600047847393049	0.925531745099113	1.12640174061887	-0.166262504135549	1.29445256329725	0.151233117336918	1.02303997649505	-0.135706293401101	2.29849400578495	0.347346170167469	-2.33587829122703	-0.694404715904202	0.774298627762195	0.103361764123821	-0.0305562107344482
34	-0.0811443047650245	-7.56544897644883	-2.12823923202964	-0.910287533901035	-0.132260957292856	-7.35226436724037	-1.84636338668117	-0.857051214694155	2.24481248357374	-2.02326673807631	-0.170588557147535	0.0511166525278315	-0.213184609208457	-0.28187584534847	-0.0532363192068807
35	-0.0197365111903655	-6.90817756009735	-2.45427013668379	-1.07433597974207	-0.227189179511049	-7.15219262583848	-1.8712555612171	-0.822033190853026	2.00488556230339	-1.99152862141621	-1.5408147615107	0.207452668320683	0.244015065741129	-0.583014575466685	-0.252302788889045
36	-1.09156270532555	-10.6365638161867	-3.31329369167365	-1.08994379045757	-1.12872612622315	-11.3166530802244	-3.54744341426644	-1.20935864402164	1.77595860759984	-3.33319052078529	-0.593246568090549	0.0371634208976038	0.680089264037729	0.234149722592792	0.119414853564072
37	-0.796031220858448	-11.9943587671766	-3.65623128366151	-1.24358584690218	-1.43746755561272	-12.0063255841666	-3.94662161968749	-1.25457703203738	1.44864331540424	-3.59311803679731	1.49370550388205	0.641436334754273	0.0119668169900269	0.290390336025977	0.0109911851352057
38	-1.33684652917714	-6.2046575319494	-1.61937918202014	-0.759767446618017	-0.501533265634798	-5.9845195080539	-1.80324991457841	-0.650858324471806	1.11226909291497	-1.74010072923553	-0.616354424644092	-0.835313263542339	-0.220138023895496	0.183870732558268	-0.108909122146211
39	-1.43340491558152	-7.75929657473114	-2.23557217608108	-0.144057731189098	-0.847074241713117	-7.31533863119675	-2.38270581163217	-0.767815784959526	0.934849377890746	-2.18244508095607	0.192599819187369	-0.586330673868406	-0.443957943534391	0.147133635551085	0.623758053770428
40	-0.0582096304910377	-6.46534396415725	-2.01254217562746	0.104025242219124	-0.701956110823005	-5.92569938228085	-1.94212573626636	-0.620084812721675	0.728594677663559	-1.77160075367309	-0.861944017264133	0.643746480331967	-0.539644581876396	-0.0704164393611081	0.724110054940799
41	-0.660180586008575	-8.06664211357591	-2.75230906331087	-0.323624426218753	-1.18556201307639	-8.03074345012954	-2.8106773737342	-0.812557680328903	0.562237326164948	-2.45638469556991	-1.03154201114503	0.525381427067819	-0.035898663446373	0.0583683104233335	0.488933254110149
42	-0.652341399382051	-11.1609435281657	-3.58614502403029	-0.483562172962385	-1.7519060620403	-10.4367378647837	-3.81377292133798	-1.03093342964884	0.347412806757586	-3.24228823715795	-0.615906316150589	1.09956466265825	-0.724205663382061	0.227627897307692	0.547371256686457
43	-2.14622581433879	-10.9538139130355	-4.16355466960033	-1.5253288758093	-2.05206855140472	-11.2510927928232	-4.23600979870223	-1.09197062364875	0.0778090399690548	-3.53396572959274	0.900142795348714	-0.0941572629340745	0.297278879787726	0.0724551291019007	-0.433358252160546
44	-0.682520064877693	-7.49863399409055	-2.79866162299472	-0.187111759092845	-1.44530176119371	-7.1543838380577	-2.80069541425565	-0.67769682653097	-0.205413505850752	-2.28042636128476	0.597888355983528	0.76278169631602	-0.344250156032858	0.00203379126093783	0.490585067438125
45	-1.35632061912191	-4.65019485481896	-2.55547339704117	0.455213211742576	-1.03941014754667	-4.46048134093844	-1.85160686206376	-0.406098357258543	-0.379137764155926	-1.45449536917275	0.706814647625521	-0.316910471575245	-0.189713513880521	-0.703866534977417	0.861311569001119
46	-1.22550520987532	-1.67142038879676	-0.26872582683116	-0.381759172348843	-0.583982472504693	-1.71265773568829	-0.851941217480331	-0.133979372487819	-0.481171353575489	-0.602231184629955	-0.571426244212522	-0.641522737370629	0.0412373468915333	0.583215390649171	-0.247779799861024
47	-1.48115720602345	-3.89405269955919	-1.76501886886883	0.232787397830603	-0.900744645172213	-3.32277274168905	-1.47575839954727	-0.287506877187529	-0.511958513128309	-1.11343431037948	-0.85821664524264	-0.58041256085124	-0.571279957870136	-0.28926046932156	0.520294275018132
48	-0.61575608862658	-5.41731029244722	-2.62107400584518	-0.976968830944045	-1.3755211470234	-5.66469928493993	-2.39381514778573	-0.509147000381165	-0.582228868842327	-1.86030752458417	-0.910648848298097	0.759765058396816	0.247388992492708	-0.227258858059449	-0.46782183056288
49	-2.37642203828877	-7.57819301303388	-3.05451754540987	-0.50810988340245	-1.86405303237212	-7.91246654232584	-3.3000072290721	-0.717977098349994	-0.709290629244767	-2.58492562042385	-0.300479356851887	-0.512369005916652	0.334273529291963	0.245489683662233	0.209867214947544
50	-2.52705288175387	-8.83318934603321	-3.50938821452215	0.0748821896192511	-1.9742016925766	-7.9712145219164	-3.39795279009763	-0.711875548760515	-0.889370027071794	-2.62691241523336	0.217098714524899	-0.552851189177268	-0.861974824116812	-0.111435424424518	0.786757738379766
51	-1.41032168822463	-6.35429612001694	-2.73131928317145	-1.06221877197563	-1.77448917544288	-6.37479204582638	-2.86664717077769	-0.546078997667405	-1.06641613944291	-2.14712245918512	1.26447574493935	0.36416748721825	0.020495925809443	0.135327887606248	-0.51613977430823
52	-1.0322310719713	-2.10716329865333	-1.0331366660529	-0.100757833969705	-0.963020533709624	-1.62404575723912	-1.11995420418732	-0.07846683523885	-1.1991255371025	-0.667934468327259	-0.791059494157967	-0.0692105382616787	-0.483117541414215	0.0868175381344232	-0.0222909987308555
53	-1.7875600311484	-4.11953223942395	-2.98886284489594	-0.0715079402734399	-1.39617013341741	-3.91889452798994	-1.995089978073	-0.299459922327794	-1.20974854260591	-1.3922005156525	-0.0343429324939708	-0.391389897730986	-0.20063771143401	-0.993772866822942	0.227951982054354
54	-0.53375453423835	-4.17517554691874	-1.88062895778183	0.55241780283823	-1.3662699787523	-3.55791704650363	-1.88658870161594	-0.260159361431817	-1.27747719224051	-1.28732339658122	-1.63617056681626	0.832515444513953	-0.617258500415118	0.00595974383410953	0.812577164270047
55	-2.47437426840283	-8.3525641614306	-3.61490336746869	-0.453503003628277	-2.28433591808769	-8.31981257233488	-3.71721857086374	-0.716441326388026	-1.33448818859709	-2.79476162373936	0.749247836634627	-0.19003835031514	-0.0327515890957181	0.102315203395049	0.262938322759749
56	-1.43939424424376	-5.83304503025213	-2.07514841343336	0.252098977676617	-1.75900338290156	-4.98174967225803	-2.52411539474068	-0.38255600591956	-1.50912129819053	-1.7660376247308	0.514298228673276	0.319609138657805	-0.851295357994101	0.448966981307316	0.634654983596177
57	-1.56125053921616	-2.38600810230026	-1.96088653823676	-0.256109780312294	-1.39174645190898	-2.75248385459069	-1.71479872819328	-0.161526138142149	-1.59593700754222	-1.07513563358444	0.544156546645901	-0.169504087307182	0.366475752290433	-0.246087810043475	-0.0945836421701446
58	-1.37096248670891	-0.530769647812953	-0.749721726924566	-0.531439931299484	-1.02024288412436	-0.671731285480604	-0.937502182667181	0.0413703507285887	-1.62485067871843	-0.423465523580096	1.38976054671192	-0.350719602584549	0.140961637667651	0.187780455742615	-0.572810282028073
59	-0.401666158198366	3.5927978619305	0.916684968658064	0.485414548863241	-0.162429089471198	3.86475487421203	0.79366556102661	0.478047325248904	-1.60102269388749	1.00864157548984	0.326536132512793	-0.239237068727168	-0.271957012281527	0.123019407631454	0.00736722361433635
60	0.231541422484452	5.03226482978137	0.873678465352346	1.34317417253986	0.0357149155555946	4.52460721097834	1.10142374056017	0.532854412502289	-1.464378254685	1.23431355045365	-1.54508762388999	0.195826506928858	0.507657618803029	-0.227745275207826	0.810319760037567
61	-0.434039513062044	-0.378069510040802	-0.904489175847745	0.575234427930121	-0.87960523825738	-0.834230263246663	-0.868832332615588	0.005386452820896	-1.31465361804342	-0.434205428481713	-0.511801669682349	0.445565725195336	0.456160753205861	-0.035656843232157	0.569847975109225
62	-1.66957229835415	-1.69696365936118	-1.4714048978209	-0.156483211377292	-1.15077559912154	-2.32611894581473	-1.42981355049982	-0.139518975689141	-1.3026430341735	-0.902586555315891	1.73417231689702	-0.518796699232614	0.629155286453548	-0.0415913473210814	-0.0169642356881511
63	-0.502165400130108	3.60658141245518	0.4068166364461	0.688608130674791	-0.0844730487854816	3.47628875802746	0.760888184079548	0.422680616432515	-1.32822993196453	0.921844417112714	-0.848506117562595	-0.417692351344626	0.130292654427717	-0.354071547633448	0.265927514242276
64	-0.720104434695301	0.888126240465342	-0.213098934078756	0.65054344156353	-0.583602965237415	0.440264019703312	-0.340526212980386	0.121538376128515	-1.20811696471473	-0.0188461421611525	-0.0878634500344422	-0.136501469457886	0.44786222076203	0.12742727890163	0.529005065435016
65	-0.924096260200872	0.337531715478691	-0.34506409965286	-0.944531153603226	-0.614898301359476	0.150258228465723	-0.43324203634162	0.0908281325089277	-1.16690744010428	-0.10482497797948	2.10119920799676	-0.309197958841397	0.187273487012968	0.0881779366887607	-1.03535928611215
66	1.06044481723706	6.60722827526965	2.30689675955047	1.10822243218141	0.648926719361037	6.84034622046452	2.11883258284731	0.734952931743137	-1.13397829839003	2.00685672781523	1.67939077918516	0.411518097876027	-0.233117945194871	0.18806417670316	0.37326950043827
67	1.60218247777896	11.3624876304586	3.35928409891782	0.784693989873765	1.61745921718927	11.4521022012268	3.95230305002433	1.16742191641753	-0.934620185418664	3.48556183421886	-1.45963928945135	-0.0152767394103103	-0.0896145707682157	-0.593018951106504	-0.382727926543765
68	0.363331596831372	5.44130663645156	2.0634961817442	0.0588895238049006	0.695364610428835	5.58364182658583	1.85589117392776	0.580263281749463	-0.624952125752526	1.67736636134563	0.0243136182597045	-0.332033013597463	-0.142335190134267	0.207605007816437	-0.521373757944562
69	0.396821684971445	5.13484526768715	0.817470584607834	0.724810623063614	0.684134953422131	5.06408262214228	1.72397890002305	0.519921973300462	-0.469737276944067	1.53394334347077	-0.743697835742592	-0.287313268450686	0.0707626455448763	-0.90650831541522	0.204888649763152
70	-0.0525244287745726	1.76904977995345	1.03019015045822	0.218692483530448	0.219415615736018	2.15891754851623	0.679873062470187	0.230228723367085	-0.331391779466908	0.6368511733811	-2.04799912709643	-0.271940044510591	-0.389867768562782	0.350317087988033	-0.0115362398366364
71	-0.180025573453546	-4.15273416960308	-1.92852076735275	-0.104966365267827	-0.999306862691521	-4.57058053697523	-1.84716319836806	-0.42392816783827	-0.26913404626733	-1.47483307105344	1.14007011155612	0.819281289237975	0.417846367372155	-0.0813575689846885	0.318961802570443
72	-0.993527667006888	-0.376997328700865	-1.12721633827525	-0.0154736868977631	-0.289185744283238	-0.438615317428633	-0.324661710713862	-0.0177379832153118	-0.376670208535027	-0.187279652391978	-0.364690050605151	-0.70434192272365	0.061617988727768	-0.802554627561387	0.00226429631754871
73	-0.355174953777617	-2.22296574767785	-1.71428107601791	0.701903443864313	-0.494418823980864	-1.53626126014972	-0.741762612775148	-0.123671894397142	-0.378218836257368	-0.533241737757931	1.21296073130413	0.139243870203247	-0.686704487528133	-0.972518463242764	0.825575338261455
74	-0.355292480077152	2.35466546844731	0.846861546624196	0.179053416082568	0.240367747379408	2.49565536717728	0.775795928865942	0.267714090743267	-0.407169896854676	0.733043167321989	0.971035466805161	-0.59566022745656	-0.140989898729972	0.071065617758254	-0.0886606746606985
75	1.06775614423936	4.65164866599458	1.62534766434782	0.234828344037021	0.805406824680887	5.31554147575998	1.87615843112505	0.535375803222079	-0.334599265253877	1.63077431739495	2.22472091927508	0.262349319558476	-0.663892809765402	-0.250810766777222	-0.300547459185058
76	2.10119380587215	12.0265294654385	4.62162527225267	0.56682810399071	2.09098331125967	11.8019385302823	4.39646217840171	1.15273943357102	-0.193345746728531	3.69241780493054	-0.362174877096488	0.0102104946124834	0.224590935156245	0.225163093850959	-0.585911329580312
77	1.95008431289469	8.95869511364943	4.53815412853864	1.19092467176026	1.80073897015209	9.35585779627454	3.59440041603382	0.896830722940868	0.10653636019674	2.961001147341	1.15567927899971	0.149345342742601	-0.39716268262511	0.943753712504817	0.294093948819394
78	1.98121415217453	12.1182781382179	4.71977339097477	1.54734372658282	2.41840804035016	11.9889497312459	4.69055114528418	1.13607155246701	0.337769396098685	3.82058031160661	0.456708593820783	-0.437193888175624	0.129328406972013	0.02922224569059	0.411272174115807
79	3.14887143483692	12.1864629335674	4.76794621677924	2.12763608070423	2.6005562267389	12.1053610902134	4.85709265026933	1.12826821176522	0.629048904477366	3.89523087426673	1.18346393246162	0.548315208098021	0.0811018433539429	-0.0891464334900899	0.999367868939014
80	4.55687069290884	14.2344838744483	5.94214225537681	1.15397874076063	3.20580762030544	14.5070321873235	5.88883212336019	1.34151225152737	0.915956709120767	4.68917171930168	-0.229612630177627	1.3510630726034	-0.272548312875272	0.0533101320166216	-0.187533510766747
81	2.35572132650805	12.2482402988335	5.02977253904288	1.1492251471592	2.95390683541876	12.1488394566422	5.13687625611937	1.0914847103503	1.25573359607584	3.99064191719389	1.48095284220874	-0.598185508910714	0.0994008421912714	-0.107103717076486	0.0577404368089011
82	2.83273434968187	14.8106041374487	7.40391255787343	1.06067066154111	3.72245630556465	15.4706614897656	6.51159832003752	1.39457100723644	1.52806124258999	5.07253056768323	-0.874720995669088	-0.889721955882784	-0.660057352316871	0.892314237835906	-0.333900345695326
83	3.20768480026927	11.4860865717414	4.87083661964731	1.38243656205757	3.07073372125385	10.9391772454611	4.9387810366265	0.934023657686327	1.87662624876938	3.69055651524582	-0.625781694926703	0.13695107901542	0.546909326280375	-0.0679444169791945	0.448412904371247
84	3.48144480614397	7.46404933937148	4.08268849468473	-0.0668597834605148	2.590038897106	7.68719410990305	3.80015431648215	0.605057709688072	2.10319002368668	2.69571916879454	-1.01195265220205	0.891405909037964	-0.22314477053157	0.28253417820258	-0.671917493148586
85	1.82943640145471	4.24760161637424	2.24273468358193	0.83263821224461	1.89867486154934	3.56109532713567	2.29334953171592	0.19733733508329	2.24279012584209	1.41419459971303	-2.04048913888286	-0.0692384600946304	0.686506289238567	-0.0506148481339958	0.635300877161319
86	0.959629619402045	-3.39465635688557	-0.242574163051278	-0.143752424702326	0.624558773877156	-3.37920753007713	-0.325976507713067	-0.475267640795112	2.27574775587442	-0.767713999141134	-1.27026010302828	0.33507084552489	-0.015448826808439	0.083402344661789	0.331515216092786
87	0.0858385474884857	-8.23573710392131	-2.34085058942093	-1.37099565293211	-0.147905748517742	-7.10952124295735	-1.80066424226126	-0.826379246871758	2.13437387372564	-1.9612027022553	0.088443827205291	0.233744296006228	-1.12621586096396	-0.540186347159674	-0.544616406060348
88	0.433206242965364	-6.66335317608336	-1.93643186410108	-0.477627020572651	-0.0892038905145712	-6.11048618402174	-1.51871771407515	-0.714756911780289	1.90327649580856	-1.67663860482448	-0.716436562892914	0.522410133479935	-0.55286699206162	-0.417714150025933	0.237129891207638
89	-0.680683279344098	-7.22148571768828	-1.48151770542052	-0.369790961676882	-0.508517638404041	-7.76968204472698	-2.23239192724399	-0.861937144419975	1.7029324288128	-2.22541130723494	0.0868085310687654	-0.172165640940056	0.548196327038706	0.750874221823474	0.492146182743093
90	-1.40952621214639	-6.87620280405727	-1.11962698214929	-0.735592289518984	-0.43787440727292	-6.68959611247892	-1.92209673104041	-0.742111161883745	1.46611706697431	-1.91606164544268	0.570063618659349	-0.971651804873465	-0.186606691578348	0.802469748891119	0.00651887236476088
91	-0.0924524437135114	-3.80118453014675	-0.386354640237683	-0.908876130148846	-0.0842630901946133	-4.18720836145647	-1.0583441295173	-0.487040519661345	1.26222423748798	-1.15439186223907	-0.25538938591676	-0.00818935351889812	0.386023831309725	0.67198948927962	-0.421835610487502
92	-0.463633494794146	-5.13492838401689	-1.81536833915979	-0.943124236724928	-0.231543061273474	-4.57509855063697	-1.26274735100396	-0.515602144865241	1.12598842251437	-1.29434206193192	0.0334979012296731	-0.232090433520671	-0.559829833379918	-0.552620988155829	-0.427522091859687
93	-0.105423701370414	-2.83397247222907	-1.74026291249379	-0.237238471429317	-0.202769500455263	-3.99885801662167	-1.10399955744316	-0.450615028493947	0.983461248185583	-1.13140995450905	-0.135401731193374	0.0973457990848489	1.1648855443926	-0.636263355050636	0.21337655706463
94	-0.649340047523604	-4.45983225437358	-1.20539660453238	-0.717169936534654	-0.274949352975277	-4.01796664762906	-1.16357972560694	-0.444315186315833	0.858903266565402	-1.15367069025152	0.43680137612301	-0.374390694548327	-0.441865606744518	-0.0418168789254369	-0.272854750218821
95	0.0245179041844799	-2.30874049180962	-0.29064459167621	0.123540640275004	-0.00633315457286732	-2.21459070797635	-0.530596031013336	-0.262131438220234	0.73698151871054	-0.601502245103359	-0.967731459168919	0.0308510587573472	-0.0941497838332722	0.239951439337125	0.385672078495238
96	-0.914307123722618	-4.9439535718903	-1.94864669615912	-0.412875997388794	-0.577772112970765	-5.06524231132742	-1.64314305663585	-0.532685471832541	0.663192213043368	-1.50908347976194	1.35289579644461	-0.336535010751852	0.121288739437127	-0.305503639523277	0.119809474443747
97	-0.0520913633213616	-0.732739281335134	-0.536793365202371	-0.43323101416441	0.243271122872142	-0.232002865460455	0.130436110519277	-0.0564175061764327	0.519981349934098	-0.00527933534113401	-1.03551501093753	-0.295362486193504	-0.500736415874679	-0.667229475721648	-0.376813507987977
98	-0.490248987629006	-3.90700656812456	-0.776680039116767	-0.765870520488769	-0.377421105602407	-3.50987814835888	-1.121098194041	-0.371838544219298	0.501181744549234	-1.04026641274455	1.83803577897405	-0.112827882026599	-0.397128419765678	0.344418154924235	-0.394031976269471
99	-0.558187664099684	3.17851256030374	0.411902275185404	0.93334832919236	0.723022295606426	2.69687821573663	1.19163548706599	0.234306595729782	0.400905247226531	0.901796007503959	-0.72962505814475	-1.28120995970611	0.481634344567104	-0.779733211880588	0.699041733462577
100	-0.118839754830174	-0.142002212785717	0.415215626939876	0.0130910687787769	0.26563172162681	0.0705763076348273	0.219323447819457	-0.0231541369036765	0.458304571439284	0.0819913486088135	-1.28990713112575	-0.384471476456984	-0.212578520420544	0.195892179120419	0.0362452056824534
101	-0.251329978755489	-4.40404559273782	-1.5494894431828	-0.426486912873414	-0.506276036669749	-4.04636345929241	-1.34672867530976	-0.420226319320006	0.448611364844173	-1.21611491737781	1.10088103759019	0.254946057914259	-0.357682133445414	-0.202760767873039	-0.00626059355340883
102	0.641782709958488	-0.394360834044029	-0.134672181473314	0.192064593913453	0.163094815412898	-0.11893699284763	0.096137507339165	-0.0334786540368663	0.336236994240758	0.00637761195015663	-1.20021629561451	0.47868789454559	-0.275423841196399	-0.230809688812479	0.22554324795032
103	-0.372704605788011	-4.46448515356584	-1.43485853154137	0.0674327963081452	-0.552125833343264	-3.92644312197305	-1.35322292833565	-0.400548547496192	0.324857644563548	-1.19447644485937	-0.606126764803104	0.179421227555253	-0.538042031592789	-0.0816356032057244	0.467981343804337
104	-1.04698455389206	-5.53567061343158	-2.23006328861574	0.0310528710438784	-0.890165061678614	-5.42745367144348	-1.96736325422543	-0.538599096273408	0.218575125400133	-1.68115556517654	-0.661885030888089	-0.156819492213441	-0.108216941988097	-0.262700034390305	0.569651967317287
105	-0.559202423355338	-7.3269087234286	-2.60538087268388	-1.2143828406207	-1.24891762288599	-6.93653968983846	-2.59921654513794	-0.675149461125978	0.077424405479043	-2.17492503954697	1.62099210897969	0.689715199530649	-0.390369033590134	-0.00616432754593416	-0.539233379494723
106	-0.379375098800078	-2.05979855241875	0.531170306876251	0.729878495558492	-0.245272336913958	-1.02752430759444	-0.430986819913846	-0.0928572414999437	-0.0979246969038947	-0.336440426612585	0.468945355200936	-0.13410276188612	-1.03227424482431	0.962157126790097	0.822735737058436
107	0.104922140655579	0.0623330226256105	0.35856893021877	0.202514801691502	0.0407976157349664	0.577609877345507	0.168242305421352	0.0637223448431927	-0.121164687171158	0.166148971249609	0.982330797466439	0.0641245249206122	-0.515276854719896	0.190326624797418	0.138792456848309
108	0.872340356254092	3.18860566339323	1.65164319808632	0.293604403362151	0.61991310438155	3.63612837755398	1.33599309366674	0.358039994642593	-0.103695323058242	1.13186487159109	-0.733961518647676	0.252427251872542	-0.447522714160747	0.315650104419586	-0.0644355912804427
109	-0.210914914500627	0.381673403232257	0.48131252981478	0.294008590012201	0.16346391182166	0.908080782959167	0.340243477494156	0.0883897828362481	-0.0101997305429363	0.284716865784303	-0.409227868807613	-0.374378826322287	-0.52640737972691	0.141069052320624	0.205618807175953
110	0.241026540087223	-0.656120234640673	-0.256285060060095	-0.0755993749319887	-0.0843835408376152	-0.490937768086227	-0.180903622836495	-0.0482600409994397	0.0127572822946163	-0.15298268960174	0.12900696744478	0.325410080924838	-0.165182466554446	-0.0753814372236003	-0.027339333932549
111	0.97574462322314	-0.59145543480615	0.0717817511341864	-0.0344416742575546	-0.00505112934462734	-0.0276155982223772	-0.0104081621053175	-0.00267851638034509	0.000164906035095237	-0.00867745319678587	1.58738713288232	0.980795752567767	-0.563839836583773	0.0821899132395039	-0.0317631578772095
112	0.95117349976143	5.68437469876037	1.96922464350394	0.48448174633393	0.933442185097043	5.01472632395781	1.90238024167363	0.484469028288292	-0.000529606571341574	1.57957742500521	-0.163254100117466	0.0177313146643866	0.669648374802561	0.0668444018303175	1.27180456382532e-05
113	0.33775530358253	3.24144765151517	1.78188223201162	-0.478215381031398	0.802984500065972	3.94311027711497	1.5484820193938	0.372748759663912	0.124851791691887	1.25836558238723	-0.145787188580333	-0.465229196483442	-0.701662625599802	0.233400212617822	-0.85096414069531
114	0.562312015248669	3.44465201848753	0.766432250837261	-0.390890436778163	0.687658643032766	3.04130323758574	1.24643755874961	0.279389457858419	0.220308253827464	0.986741835568171	-0.771410828575249	-0.125346627784097	0.403348780901785	-0.480005307912344	-0.670279894636583
115	0.0854713178836947	0.479953982754652	-0.109988634696069	-0.28115527549422	0.206766702087164	0.249948694896325	0.217018448321285	0.00512587311706059	0.290833128421421	0.116656823436104	0.474511983488141	-0.121295384203469	0.230005287858328	-0.327007083017354	-0.286281148611281
116	0.613348262412545	1.5392003411697	0.157782234253335	-0.543624925036599	0.479872268427076	1.71971797547663	0.774224061449061	0.147175896510992	0.289811017583294	0.579503124580635	-1.28362873988771	0.133475993985469	-0.180517634306938	-0.616441827195726	-0.690800821547591
117	-0.290721461845932	-1.92086036302227	-0.213462100827481	-0.212863103225315	-0.296200351162402	-2.55403994437955	-0.83223437030119	-0.268017009569394	0.325558691530627	-0.762075927765136	-2.38190961459487	0.0054788893164697	0.633179581357279	0.618772269473708	0.0551539063440793
118	-1.35614817319267	-9.89639489852986	-4.40958652278493	-1.26793230510769	-1.69322025098774	-9.84389345585861	-3.62827243606493	-0.967526092538592	0.253568725632873	-3.06777794958349	0.228182516416028	0.337072077795073	-0.0525014426712413	-0.781314086720005	-0.300406212569098
119	-1.13186512767922	-7.85884956320578	-3.36910266909315	-0.396728103437564	-1.49661992176157	-8.04112042714205	-3.05035041088509	-0.776865244561759	0.00113217109558558	-2.53281763820911	-0.610892147065945	0.364754794082353	0.182270863936272	-0.318752258208063	0.380137141124195
120	-1.99772761789324	-8.93134119856275	-4.22259976638393	-0.0781593563288895	-1.8032745239154	-9.09315990610341	-3.5339668421537	-0.86534615911915	-0.199924143860355	-2.89042802145415	1.23642330217232	-0.194453093977838	0.16181870754066	-0.688632924230236	0.787186802790261
121	-1.14857144131942	-5.02658892211103	-1.41604403770601	0.156905659502106	-1.00691764847044	-4.15840140741891	-1.75511157042762	-0.37409696097859	-0.422255037916432	-1.36496191713642	0.149966903516413	-0.141653792848982	-0.86818751469212	0.339067532721612	0.531002620480696
122	0.215357461033796	-2.60966122996084	-0.825011659144878	-1.44746652846974	-0.881847491259683	-3.21033530006138	-1.4346538358067	-0.276403172273507	-0.515658697153993	-1.07849882190636	-0.28217968710066	1.09720495229348	0.600674070100541	0.609642176661819	-1.17106335619623
123	-0.840837984724395	-3.70450525427481	-2.00202630388759	-0.72000557229196	-1.01681601240016	-3.73587442868295	-1.66234774013784	-0.322765863868838	-0.583025612226678	-1.25282862681639	-0.108565784400487	0.175978027675766	0.0313691744081395	-0.339678563749754	-0.397239708423123
124	-1.33206719404589	-3.57924540405408	-1.31058474957322	-1.15415471770128	-1.04428371716603	-3.65017702714451	-1.66294888053888	-0.309332581686426	-0.661846832638085	-1.23611154853523	0.610526955879975	-0.287783476879863	0.0709316230904227	0.352364130965661	-0.844822136014857
125	-0.834102023825817	-1.39786848383237	-0.499937778281778	-0.00179379619028386	-0.645732696645799	-1.28866616313139	-0.798371352130076	-0.0763193277421384	-0.736555087500745	-0.501973437801736	-1.52716984747244	-0.188369327180017	-0.109202320700981	0.298433573848298	0.0745255315518545
126	-2.05840750995848	-5.70382691602966	-1.79944797242595	-0.349881294773717	-1.52531615413566	-5.97173135992825	-2.58093976736893	-0.527811806616636	-0.750357864391511	-1.978945941494	-0.563145496157112	-0.53309135582282	0.267904443898593	0.781491794942985	0.177930511842919
127	-1.30848223987848	-7.15999536383221	-3.09928107485991	-1.70408780126934	-1.80307044265593	-7.07721848438073	-3.05520614481457	-0.62606785107932	-0.88089220177993	-2.34419684350171	-1.45185733748999	0.494588202777447	-0.0827768794514804	-0.0440749300453351	-1.07801995019002
128	-2.9889963703685	-10.458965289005	-5.04475066539915	-0.233716914645338	-2.59610444354894	-10.8779578082256	-4.56229970261029	-0.983097629530675	-1.03580035884495	-3.56163449664153	-1.15007260762736	-0.392891926819555	0.418992519220591	-0.48245096278886	0.749380714885338
129	-3.14777125313783	-14.408391755314	-5.07548491097923	-0.658937605505784	-3.18197861188437	-13.2964395250543	-5.58325332350465	-1.20063735581014	-1.28185429507947	-4.35554365460473	-0.216790093968268	0.0342073587465403	-1.11195223025964	0.507768412525416	0.541699750304356
130	-3.23611795336484	-12.5966438449191	-6.60960452851985	-1.42890602399095	-3.19499333618324	-12.4776190228399	-5.39878186949159	-1.10189426665418	-1.58221892582884	-4.13677938311253	-0.887915023700518	-0.0411246171816062	-0.11902482207915	-1.21082265902825	-0.327011757336772
131	-3.22181500521805	-14.0701600403235	-6.53209927655851	-0.954966359481082	-3.60438525075599	-13.870374117111	-6.04163404150175	-1.21862439537288	-1.85460392825412	-4.61101646850179	-1.20972121592324	0.382570245537944	-0.199785923212526	-0.490465235056761	0.263658035891796
132	-4.75146973081165	-15.5982957690824	-5.97475843944346	-1.94836039387739	-4.18923761472978	-16.1225862131954	-7.02233434048516	-1.41654836287769	-2.15499818297554	-5.35963603757485	0.948588387056796	-0.562232116081869	0.524290444112959	1.04757590104169	-0.531812030999704
133	-3.6427733913851	-11.4591063877412	-4.43223067439571	-1.16262159148215	-3.47717690125419	-11.2652007167953	-5.32613156137927	-0.924477330062541	-2.50418788373103	-3.87508404676057	0.506856714260937	-0.16559649013091	-0.193905670945917	0.893900886983565	-0.238144261419606
134	-3.70964711431867	-8.30035707655435	-4.84544141549994	0.0143651069524702	-3.05229944779706	-8.3352959786537	-4.30653527011565	-0.627117911159296	-2.72321320455764	-2.98071892782358	-1.98225719744085	-0.657347666521613	0.0349389020993568	-0.53890614538429	0.641483018111766
135	-5.20966790547079	-13.5805910708347	-6.71311547673739	-1.18061114217589	-4.11430838473881	-13.6238127675936	-6.37195979330871	-1.12882570428495	-2.86351527391004	-4.66490423248206	-0.169058823000293	-1.09535952073198	0.0432216967588865	-0.34115568342868	-0.051785437890945
136	-3.36364663375797	-12.5024405664662	-6.32764145726124	-1.43525369949694	-4.06596408471627	-12.5682360511409	-6.08448826161916	-1.00926208845144	-3.13252271125213	-4.36747263223415	-2.31074527502764	0.702317450958299	0.0657954846746952	-0.243153195642089	-0.425991611045498
137	-4.60348884713838	-18.6280034075094	-8.26672023971043	-1.73624624596273	-5.28546732899973	-18.4197607074449	-8.40368007393237	-1.55910637246632	-3.36841554474935	-6.24147064403837	-0.380788638083575	0.681978481861349	-0.208242700064442	0.136959834221936	-0.177139873496411
138	-5.16454723012874	-17.094736735529	-8.78719835025583	-0.609548053533674	-5.31991838349426	-17.4914376905951	-8.2095587217384	-1.44482016912207	-3.74469917381674	-5.99811221771811	0.109682813432847	0.15537115336552	0.396700955066164	-0.57763962851743	0.835272115588399
139	-5.75376027965553	-14.5708548400294	-7.75424310008854	-1.19475276725733	-5.06338061899198	-15.0968271456991	-7.44542078264229	-1.19102008182515	-4.0883676367362	-5.28861818251345	0.810974182755656	-0.690379660663556	0.525972305669753	-0.308822317446254	-0.00373268543217592
140	-5.18459490618268	-10.1312110911972	-6.19050193399566	-0.725548867320707	-4.40180760211737	-10.7294780897893	-5.90405903343113	-0.751125715656878	-4.36357912446027	-3.94878218150645	1.52654491465466	-0.782787304065308	0.598266998592063	-0.286442900564531	0.025576848336171
141	-3.3969437565116	-4.46230417372353	-3.96952879725406	0.39195413816478	-3.3414600009524	-4.56387366740007	-3.63167187187227	-0.145105935459935	-4.5227265985935	-2.02735904870115	0.967350283459664	-0.0554837555591963	0.101569493676539	-0.33785692538179	0.537060073624715
142	-2.26526242330965	-1.06399635508004	-1.84285499776482	0.824152131547401	-2.65030584482915	-0.848906607829075	-2.22263400579931	0.213835919514922	-4.52375527531366	-0.857272860371369	0.467097890270179	0.385043421519506	-0.21508974725097	0.379779008034482	0.610316212032479
143	-2.67010996573752	1.9507905208118	-1.77699301248921	0.350586572084558	-2.27999623334249	0.868055870707928	-1.5326154387381	0.373690397302194	-4.43188405862654	-0.304447684064053	1.34795315780422	-0.390113732395022	1.08273465010387	-0.244377573751105	-0.0231038252176359
144	-1.22741266278641	5.55337007838209	-0.146586012982571	1.3315679807052	-1.4024368696472	5.18905404436888	0.162451017846874	0.782443943747039	-4.29938556039318	1.07395024214658	-0.446278448548348	0.175024206860794	0.364316034013215	-0.309037030829445	0.549124036958162
145	-1.69839724999023	3.65518299356814	-1.49787694755209	0.365034751364882	-1.61731319934406	3.33317697411709	-0.442015531389682	0.587648833977187	-4.06217457027413	0.52027676938357	-0.822585447402744	-0.0810840506461726	0.322006019451048	-1.05586141616241	-0.222614082612306
146	-2.66631917102691	0.455625804376885	-1.46530557786882	0.378053981165651	-2.04669305982833	0.480109357381648	-1.4468033933543	0.299944833237015	-3.87729078166435	-0.354336354957531	-1.39040996103981	-0.619626111198579	-0.0244835530047627	-0.0185021845145164	0.0781091479286364
147	-2.65323466085205	-3.83347507300185	-3.94443505342971	-1.72128740930792	-2.79600523146016	-3.86647483631835	-3.0501442941164	-0.127069531328122	-3.7683557781882	-1.70931268050159	0.194721485231252	0.142770570608107	0.0329997633165053	-0.894290759313313	-1.5942178779798
148	-2.5762442734642	-2.82427535532148	-2.36683881586646	0.185971291228349	-2.5810290859048	-2.70466270105025	-2.61037972519859	-0.014675319646897	-3.77080875464145	-1.34365992722018	-0.101980066512969	0.0047848124405991	-0.119612654271229	0.243540909332129	0.200646610875246
149	-3.31568822779755	-2.37475442529392	-1.8952591048938	0.110992950906788	-2.54925590350771	-2.61288385606074	-2.56436060141367	-0.00755234895298285	-3.74415510330167	-1.31127400101113	-0.510779732332753	-0.766432324289841	0.238129430766825	0.669101496519875	0.118545299859771
150	-3.35709283448677	-4.22092522393036	-3.49804596086913	0.462513497934353	-2.76026833463177	-3.82983056111866	-3.01419199360859	-0.126961829488409	-3.71587332212065	-1.69092633324277	-0.423063822891395	-0.596824499854994	-0.391094662811694	-0.483853967260536	0.589475327422762
151	-2.26570707269126	-4.95288404205567	-3.78847240983304	-0.326640265224675	-2.91174145436239	-4.63490508295736	-3.32083668358143	-0.20454761460952	-3.7187222530956	-1.94489752280989	-0.115129666516243	0.64603438167113	-0.317978959098309	-0.46763572625161	-0.122092650615155
152	-2.86388086366929	-4.67627469793794	-3.49048645833522	0.219140874574037	-2.87568472920585	-4.3734883199175	-3.23127720288586	-0.177796236840005	-3.74162682384214	-1.86553743704514	0.536851245434377	0.0118038655365572	-0.302786378020442	-0.259209255449363	0.396937111414042
153	-2.7685196600625	-2.62654582662755	-1.21039473429175	-0.267765110993015	-2.45556293253072	-2.07043684302925	-2.36412888621603	0.0457170231573474	-3.75742336124403	-1.14213244790625	0.735648767537252	-0.312956727531779	-0.556108983598299	1.15373415192427	-0.313482134150363
154	-1.1380916494155	0.641573088692368	-1.68435841793211	0.666233935842562	-1.93322249912979	0.610066717092669	-1.32941875294699	0.301901873091398	-3.71524869828866	-0.292270435578372	-1.36768232329931	0.795130849714293	0.0315063715996994	-0.354939664985122	0.364332062751164
155	-2.82860187805694	-3.77505522570258	-1.99039881455997	0.244197451516512	-2.67314911059507	-3.68373793551824	-2.91307192413429	-0.119961406769613	-3.60711581290413	-1.63072571531984	-0.568236119381644	-0.155452767461877	-0.0913172901843367	0.922673109574322	0.364158858286126
156	-2.8754621436809	-4.41665703530357	-3.63092568103118	-0.0467622132697097	-2.91355022581312	-4.96917222751827	-3.40157446483243	-0.244012119509655	-3.60903136596948	-2.0358892631695	-0.950751381787323	0.0380880821322205	0.552515192214705	-0.229351216198747	0.197249906239945
157	-3.02615792046929	-8.11907197195715	-3.21037590664394	-0.060134867363231	-3.37131275792231	-7.32702943041505	-4.31043864275276	-0.469562942415224	-3.6430348875082	-2.78305171863987	-0.0756278396268802	0.345154837453024	-0.792042541542103	1.10006273610882	0.409428075051993
158	-3.15454506160007	-7.32474205920346	-4.47410035793461	-0.130090602882068	-3.29515082624047	-6.64548827575491	-4.09055354202435	-0.397701357891941	-3.73513475108087	-2.58037438640277	-1.48663350111862	0.140605764640397	-0.67925378344855	-0.383546815910256	0.267610755009874
159	-4.63616523612732	-10.2477302776876	-5.34260221116555	-1.0825432868636	-4.05585436535692	-10.5156561653445	-5.58947528524207	-0.766810459942576	-3.80789358919772	-3.80897044888111	1.29307480240341	-0.580310870770398	0.267925887656839	0.246873074076522	-0.315732826921021
160	-1.94937818328402	-5.55023851153649	-3.48099710672677	-0.877892264602869	-3.14582576874788	-5.13206974565336	-3.61737884481114	-0.235776538031629	-3.97558765360139	-2.13499860158959	-1.11348492833645	1.19644758546386	-0.418168765883131	0.13638173808437	-0.642115726571241
161	-3.79129770177829	-7.6264856133843	-4.28510832448809	-0.394302685298512	-3.69150964449993	-7.97718332128432	-4.708970535352	-0.508730445426035	-4.00449970590269	-3.03498366976708	-0.167842645244595	-0.09978805727836	0.35069770790001	0.423862210863912	0.114427760127523
162	-3.97367452189035	-7.41316653650139	-4.27050873427483	-0.0412315461246848	-3.65838425899964	-7.50542062069045	-4.57170819069624	-0.456661965848298	-4.10381679628723	-2.89932794803497	0.647186296763495	-0.315290262890704	0.0922540841890557	0.30119945642141	0.415430419723614
163	-2.34286898262478	-4.94525635083806	-3.30017712168674	-0.374756443304855	-3.14474626299619	-4.4952520241569	-3.46536859915252	-0.160311168078167	-4.18885689189731	-1.96220885646797	1.00151371336168	0.801877280371408	-0.45000432668116	0.165191477465787	-0.214445275226689
164	-2.78565158272787	-0.48980064482863	-2.2362987143876	-0.0552224660303138	-2.44039122208382	-0.689767713550177	-2.02477416024924	0.20780853091729	-4.1965167702038	-0.7644742574595	0.971376192828045	-0.345260360644047	0.199967068721547	-0.211524554138364	-0.263030996947604
165	-1.70252714828742	2.14870889555378	-0.761969437974694	0.559402301961878	-1.77947782763786	2.60035033688853	-0.739661066403055	0.519908380617404	-4.10884804378746	0.283349361114495	-0.221824916123363	0.0769506793504421	-0.451641441334753	-0.0223083715716392	0.0394939213444732
166	-2.0291006765832	1.49286341203656	-0.791827158414286	0.620024581356517	-1.84786970870124	1.73676513399031	-0.996839924465133	0.425514892118056	-3.94111808427056	0.0331895088796826	1.11240203128284	-0.181230967881952	-0.243901721953745	0.205012766050847	0.194509689238461
167	-1.95711428740724	5.35995465841955	0.0662399538974449	0.267326112289357	-1.12502600443	5.19888852147937	0.376336384219807	0.750681194324905	-3.79917100381404	1.14227258927455	1.28123703621642	-0.832088282977238	0.161066136940187	-0.310096430322363	-0.483355082035548
168	0.0224906168977886	8.79352908212562	1.90809053031575	0.758783357103403	-0.328610235347511	8.81054611428175	1.84111890967818	1.08486457251284	-3.5742195156817	2.30928236656352	0.247484852681689	0.3511008522453	-0.0170170321561352	0.0669716206375713	-0.326081215409442
169	0.317990334158877	8.59685586759424	2.52505668549104	0.67299236611488	-0.172111376698962	8.73494156313155	1.94251397476645	1.05731267573271	-3.26460037493261	2.32583898258885	0.462307108449536	0.490101710857839	-0.138085695537313	0.58254271072459	-0.384320309617829
170	-0.620728656550173	9.7542353057282	2.63006522495672	0.296940674357596	0.105827489889542	9.34003958992941	2.29812363098398	1.09614807054722	-2.96461182648101	2.5555621927795	0.669082473108846	-0.726556146439715	0.414195715798789	0.331941593972735	-0.799207396189623
171	0.768674879838283	10.3423394726767	3.06142791479706	1.88013267794929	0.496027290787211	10.5254790461641	2.87712125398662	1.1905469815997	-2.65699554107075	2.9690884466104	-0.41044374652408	0.272647589051072	-0.18313957348739	0.184306660810437	0.689585696349589
172	0.208625965796813	8.00189897428532	2.07870477326005	1.01689972999906	0.23407096714584	8.14350604465104	2.11185146137006	0.93889024711211	-2.32743367638988	2.26173585542528	0.210617996430632	-0.0254450013490271	-0.141607070365727	-0.0331466881100108	0.0780094828869481
173	0.0355412793885466	7.65688038657393	1.78071758793459	0.639112824425141	0.348916670682115	7.98576389950576	2.16198197244709	0.906532650882487	-2.06566018336386	2.24618026631338	1.16461644323113	-0.313375391293569	-0.32888351293183	-0.3812643845125	-0.267419826457346
174	1.29436529486129	10.7141700305394	3.27348161319672	0.597091307839441	1.0236236656866	10.8658531662462	3.3602689008804	1.1683226175969	-1.81437458129212	3.18617868291317	-0.242056490512137	0.270741629174687	-0.151683135706817	-0.0867872876836824	-0.571231309757459
175	0.701597732890073	9.12179983785793	2.81701911663161	0.892559152431662	0.842419594621853	8.95472063153217	2.76836224505182	0.962971325214984	-1.49736888760366	2.62550432410972	2.49361807622718	-0.14082186173178	0.167079206325758	0.0486568715797932	-0.0704121727833222
176	1.71129951446324	15.7077510153246	5.88563435087994	1.09944596086474	2.28502798848243	15.9292760867153	5.52431063283505	1.61964132217631	-1.23606664962526	4.85657196792593	0.784217970610233	-0.573728474019193	-0.221525071390726	0.361323718044898	-0.52019536131157
177	3.28838203856768	16.86246135327	6.10067768666456	1.60144458283557	2.66485197137569	16.6994461934377	5.99680658631913	1.66597730747172	-0.806933081216746	5.15513274174357	-0.394581371804289	0.623530067191989	0.163015159832282	0.103871100345424	-0.0645327246361473
178	2.56018775981992	13.9932035456815	4.96441826731388	1.77568512988873	2.3342759505717	13.6291043959441	5.01578236868634	1.34075320905732	-0.369273599350384	4.24503809576492	0.491677653828187	0.225911809248215	0.364099149737452	-0.0513641013724598	0.434931920831409
179	2.6216571298592	13.4174067289138	6.09554430664758	0.39618285986254	2.53980995677577	13.6974900476169	5.18875585690303	1.32447295006363	-0.019314149468023	4.31221194001662	-0.939276340727612	0.081847173083423	-0.280083318703096	0.906788449744549	-0.928290090201088
180	1.64531562572815	9.13568858751726	4.18471112196475	0.681696344596427	1.89219635667126	9.20477568842059	3.62827640732494	0.868040025326839	0.3236059554591	2.94171440528734	-0.836913931445751	-0.246880730943107	-0.0690871009033313	0.556434714639818	-0.186343680730412
181	1.0878262054232	6.35661012635478	2.33430953704149	0.383694244819878	1.32881622458555	5.52213828621673	2.32435303706808	0.497768406241267	0.545635198783138	1.81062903331286	0.241290901702441	-0.240990019162349	0.834471840138052	0.00995649997341285	-0.114074161421389
182	1.58972300665658	6.014222641216	2.53257047470357	1.29025505290839	1.4233697448504	5.66183751222524	2.42962456308531	0.503127409117451	0.670047775968977	1.87085703168401	0.812103497522831	0.166353261806177	0.352385128990769	0.102945911618258	0.787127643790937
183	2.96764609848569	7.4640253504155	4.05288298427793	-0.185059000570691	1.85195336178195	7.59435329363961	3.21525681785438	0.681651728036215	0.794842519375384	2.49587482603844	-1.05077206479564	1.11569273670374	-0.130327943224112	0.837626166423546	-0.866710728606906
184	1.57672313758608	2.83298851411371	1.7802893265358	0.108421283300815	1.16385502566028	3.3958824279263	1.69376054949429	0.264952761917002	0.96483028873199	1.19551527863895	-0.0769858753929809	0.412868111925794	-0.562893913812588	0.0865287770415158	-0.156531478616186
185	0.995263813078926	2.42149706833635	1.22124152029055	-0.00557123169857254	1.07647984101123	2.74679921571077	1.47303018867343	0.198275173831102	1.02560659221185	0.998977875382078	-1.45728333729039	-0.0812160279322991	-0.325302147374427	-0.251788668382876	-0.203846405529674
186	0.41501835785726	-2.25088948807015	-0.663509148055248	-0.372008313380075	0.176414787675728	-2.21442079462845	-0.391194064107978	-0.283804425891853	1.06863640779932	-0.558203249446516	-1.42630942032128	0.238603570181531	-0.0364686934417041	-0.27231508394727	-0.0882038874882219
187	-0.158825902707719	-6.24852296197982	-2.20499619699806	-1.30742949644081	-0.672577281020858	-6.53118360289333	-2.06346988785498	-0.695446303417059	0.986559977738626	-1.92869234482315	-0.131689446337181	0.513751378313139	0.282660640913513	-0.141526309143081	-0.611983193023746
188	-0.117338285219173	-6.44120143069955	-2.09979995048807	-0.650260080985203	-0.725470278517162	-6.2591648802532	-2.03922550164702	-0.656877611564931	0.798616388222827	-1.86751255667801	0.691694429063176	0.608131993297989	-0.182036550446349	-0.0605744488410421	0.00661753057972724
189	-0.97169231662383	-3.19089337789759	-0.388658853540807	-1.06684692927791	-0.289826060618835	-3.39742384400116	-1.02760134935567	-0.368887644368418	0.622171856510926	-0.989066871947035	-0.266570495961167	-0.681866256004995	0.206530466103563	0.638942495814865	-0.697959284909496
190	-0.501837235208569	-3.9993729975404	-1.01179479991222	-0.0107220744078503	-0.43654952382391	-3.88809012583331	-1.25598027715923	-0.409715376667661	0.521681963998124	-1.1567306807135	0.293574299651346	-0.0652877113846597	-0.111282871707089	0.244185477247008	0.39899330225981
191	0.0414452456636622	-2.80548520611153	-0.649005183759044	0.275921627284256	-0.246881093639682	-2.54326349190559	-0.792065591790194	-0.272592249075256	0.411437661752338	-0.747483312990803	-0.577148630864252	0.288326339303344	-0.262221714205942	0.14306040803115	0.548513876359512
192	-0.63850615692452	-4.64533312766009	-1.21138001692001	-0.28298966447683	-0.578853404637129	-4.10760029424354	-1.41661365005995	-0.418880122711412	0.33757013291089	-1.24988361255597	-1.6242610746301	-0.0596527522873909	-0.537732833416546	0.205233633139941	0.135890458234582
193	-1.79856114555799	-8.79486676619248	-2.98717464175334	-0.203972798185152	-1.51773647631696	-8.82117175027278	-3.25164581462123	-0.866954669152134	0.226440872232029	-2.74915632593048	-0.567738184205558	-0.280824669241027	0.0263049840803057	0.264471172867888	0.662981870966983
194	-1.22890350752085	-9.99526430708207	-3.68251865938587	-1.14652686336227	-1.79800446743902	-9.65713250613641	-3.66384080426027	-0.932918168410626	0.000250556669409069	-3.04197887754299	-0.103305841298088	0.569100959918173	-0.338131800945656	-0.0186778551255969	-0.213608694951641
195	-2.189655984973	-9.29002621467984	-2.53831605093111	-0.937106546449692	-1.7936596730676	-8.91944269153936	-3.48539242004674	-0.845866373489571	-0.241184019900736	-2.84108683108678	-0.350644003146081	-0.395996311905399	-0.370583523140481	0.947076369115629	-0.0912401729601211
196	-3.03126460702741	-9.64406456691936	-4.65980280764952	-0.110579650768615	-1.93579314228254	-9.04085707697095	-3.62260689889085	-0.843406878304156	-0.458140486691702	-2.90762215112418	0.853648718399799	-1.09547146474487	-0.603207489948416	-1.03719590875866	0.732827227535541
197	-1.64480994042464	-5.3424784377185	-1.44418698342252	-0.363858421758741	-1.36100069891609	-5.31900508282812	-2.30067067768424	-0.469834989384075	-0.672708401448683	-1.76321121761197	0.13357554475824	-0.283809241508548	-0.0234733548903776	0.856483694261728	0.105976567625333
198	-1.29813471487045	-3.82833791358071	-1.50930209847294	-0.398915278756856	-1.23286069120924	-4.28712826663038	-1.95797439027576	-0.362556849533256	-0.788865818483169	-1.45331455109253	-0.424516702699896	-0.0652740236612071	0.45879035304967	0.448672291802818	-0.0363584292235995
199	-1.33007181462779	-4.87810535456992	-1.27853505971371	-0.359890493555757	-1.43932901565	-5.13722420779603	-2.31724638004318	-0.438958682196589	-0.876322379686849	-1.73249979868317	-1.83534118207465	0.109257201022209	0.259118853226113	1.03871132032947	0.0790681886408319
200	-2.27042749837314	-10.6856491823015	-4.73643523230555	-0.791856777483164	-2.47227172399012	-10.3695841610466	-4.34717310203399	-0.937450689021935	-0.982844925389579	-3.3945910008895	-0.91199645273901	0.201844225616979	-0.316065021254928	-0.389262130271562	0.145593911538771
201	-3.0345721652435	-12.3532745510882	-5.41973004978611	-0.229938571583232	-2.92189736125103	-12.0900146038931	-5.09850055282433	-1.08830159578665	-1.217513406281	-3.96712835353956	1.32345424710561	-0.112674803992464	-0.263259947195095	-0.321229496961778	0.858363024203417
202	-1.98287456134871	-7.5392923011457	-3.04582185495433	-0.261489018791325	-2.03389887011291	-6.51667814533041	-3.0981554396742	-0.532128284780645	-1.48932593622131	-2.24696127108	-0.525286545234473	0.0510243087641939	-1.02261415581529	0.052333584719871	0.270639265989321
203	-2.17711599586089	-7.87675366222579	-4.06740739861552	-0.528480246598514	-2.27113373360691	-7.41890274028611	-3.49326553773077	-0.611065902061933	-1.61500974144903	-2.54755168920647	1.32574803341633	0.0940177377460123	-0.457850921939682	-0.574141860884751	0.0825856554634185
204	-1.5147353615761	-2.30233572225538	-2.17917156569719	0.68090025301109	-1.40564734048683	-2.34139451746743	-1.62780259327081	-0.111077626391989	-1.76010706641996	-0.967048486869494	-0.486160267720359	-0.109088021089268	0.0390587952120474	-0.551368972426387	0.79197787940308
205	-1.01711457811348	-3.38569155277934	-2.44076841643059	-0.231800435081792	-1.64274168929486	-3.57173939718692	-2.100704640555	-0.228981475630066	-1.77463925269615	-1.3565039059029	1.77820316304361	0.625627111181384	0.186047844407584	-0.340063775875595	-0.00281895945172551
206	-0.0448012951032464	2.43344005097694	0.263585084060726	0.0182292141182353	-0.532745666265703	2.52255406231019	0.192613926575145	0.362679796420424	-1.81956675630842	0.557349647731001	-1.27283065556121	0.487944371162457	-0.0891140113332461	0.0709711574855811	-0.344450582302189
207	-1.55788328152612	-1.1166373680845	-1.17329181970214	0.34725207211533	-1.26662738936987	-1.74002891137973	-1.3790171321415	-0.0561948713858164	-1.71101373584295	-0.771215972603305	-0.361649016866398	-0.291255892156251	0.623391543295228	0.205725312439364	0.403446943501146
208	-1.75635318854591	-3.11406838682692	-2.08080450348754	0.142319086039102	-1.43515615271864	-2.64298589728212	-1.72190656957042	-0.14337520842589	-1.71173911523137	-1.05574339220937	-0.558033971964479	-0.321197035827269	-0.471082489544803	-0.358897933917115	0.285694294464992
209	-2.22297700316753	-4.40753665920316	-2.12391797814846	0.898034005756264	-1.71363817059672	-4.06972159116078	-2.27299559452233	-0.279678711962808	-1.73502028478264	-1.50820302495291	-0.552614932173867	-0.509338832570812	-0.337815068042379	0.149077616373869	1.17771271771907
210	-2.2568690141808	-5.47377296592818	-2.5995494088845	-0.258019145682125	-1.97879752543288	-5.32109299948873	-2.77229162795184	-0.396747051259484	-1.79338781744209	-1.90999765463149	-1.20545738085911	-0.278071488747922	-0.152679966439453	0.172742219067342	0.13872790557736
211	-1.32423460647102	-7.99805210046121	-3.86103381294053	-0.244780253894096	-2.62023642151653	-8.50507087941521	-4.01735491777954	-0.698559248131503	-1.88158044699326	-2.92445527002745	-0.852567192838073	1.29600181504551	0.507018778954004	0.156321104839006	0.453778994237408
212	-2.60482869735359	-10.7440349289322	-4.80950205780937	-0.999668458044885	-3.02978915856698	-10.2146823909173	-4.73555467841258	-0.852882759922802	-2.04716770780381	-3.48457693586278	1.19741166801341	0.424960461213383	-0.529352538014894	-0.0739473793967919	-0.146785698122083
213	-2.28716190852302	-5.24590314152622	-2.44696701111756	-0.946874957219085	-2.21277482996968	-5.22266215910797	-2.92735173385062	-0.357288451940467	-2.25135557488165	-1.93870757426309	0.798482804965259	-0.0743870785533352	-0.023240982418252	0.480384722733058	-0.589586505278618
214	-1.63197667172135	-1.20453574628299	-1.03815670509704	-0.103123270219322	-1.66139018660841	-2.04159986362624	-1.75165504424673	-0.0451324288191631	-2.3256382394873	-0.946354011871523	-0.601767313100263	0.02941351488706	0.837064117343259	0.713498339149697	-0.0579908414001586
215	-2.01485037693461	-3.62985453930177	-3.08264709583831	0.279443569034248	-1.95779266953692	-3.65447400313217	-2.36060119095388	-0.201404260708475	-2.31853728009078	-1.45348592378463	-0.793772911555606	-0.0570577073976843	0.024619463830408	-0.722045904884436	0.480847829742724
216	-2.42135910950245	-5.99878595047146	-3.13464339072842	-0.616874070346088	-2.35690405498732	-5.69912880997741	-3.15038118603241	-0.396738565522547	-2.35193569816681	-2.10191024296178	-0.738676666237681	-0.0644550545151286	-0.299657140494041	0.0157377953039963	-0.220135504823541
217	-3.52812984155128	-7.21442171404868	-4.50375637075284	0.0309858870357468	-2.70894502442831	-7.34221407776539	-3.8089290781218	-0.549992026846748	-2.43561552596208	-2.63039588490328	-0.228146345913542	-0.819184817122974	0.127792363716715	-0.69482729263104	0.580977913882495
218	-3.07350585069156	-7.56737596226898	-3.51077244692418	-0.17652037607063	-2.74644398090763	-7.18066599438368	-3.79917221791451	-0.526364118503439	-2.55828048975716	-2.59550264232649	0.573592359954587	-0.327061869783934	-0.386709967885297	0.288399770990322	0.349843742432809
219	-2.88846915439679	-4.76665932393242	-3.45459137835743	-0.0684594714695261	-2.30872840107903	-4.48794643353231	-2.82609589035578	-0.258683744638379	-2.67384012737282	-1.76236001813926	-1.18792902332899	-0.579740753317764	-0.278712890400104	-0.628495488001647	0.190224273168853
220	-2.61042032812738	-7.55425451927087	-4.24863569211751	-0.456200784031901	-2.92823353244207	-7.68088121637395	-4.05655918577385	-0.564162826665888	-2.71919278502681	-2.77405303965432	-0.530212577188901	0.317813204314686	0.126626697103074	-0.192076506343668	0.107962042633987
221	-3.29968530334822	-8.36441300702156	-3.91387741997152	0.0429788425169265	-3.13644576501457	-8.4320935544353	-4.39368508471464	-0.628619659850038	-2.84323499581049	-3.02686031287779	0.81429596669689	-0.16323953833365	0.067680547413741	0.479807664743122	0.671598502366965
222	-2.27681875683102	-4.63916490922157	-3.14685335036602	0.844346167828414	-2.54240086289765	-4.82829936032821	-3.08509527077891	-0.271347203940628	-2.98295645977611	-1.90987831489312	0.285162236653599	0.265582106066633	0.189134451106639	-0.0617580795871168	1.11569337176904
223	-2.80870081162364	-3.63418795600198	-1.66866353941369	-1.28721828571327	-2.28280734237494	-3.29762248617023	-2.5237337150828	-0.120463186353929	-3.02909003228991	-1.43372824675021	0.137139552257242	-0.525893469248697	-0.336565469831751	0.85507017566911	-1.16675509935935
224	-2.76992708150545	-1.5522739239254	-2.44711677386723	-0.492472324694954	-2.12017668672052	-2.40433240414708	-2.18763713318512	-0.0337302232323012	-3.03580334363692	-1.15321586981794	1.55815028786074	-0.649750394784931	0.852058480221671	-0.259479640682114	-0.458742101462653
225	-1.42432526853694	2.4619812396762	-0.162379523867432	0.724750327776001	-1.12350172725587	2.90171601986937	-0.167873413910014	0.477814156672927	-3.02001657014967	0.520256005024591	0.17419863092201	-0.300823541281066	-0.439734780193176	0.00549389004258197	0.246936171103074
226	-0.696195509265802	2.82917598971922	0.792924496972787	-0.416574276147645	-0.981134944534503	3.22828338226017	0.0182243977338661	0.499679671134184	-2.8719732553992	0.642429035444142	-1.07477313859557	0.284939435268701	-0.399107392540948	0.774700099238921	-0.916253947281829
227	-1.22311107327903	-0.483823431055541	-0.328049543622887	1.13672742979113	-1.58214612393836	-0.450752071822204	-1.31354086780344	0.134302628067456	-2.71946683945771	-0.496587006695845	2.3979209807028	0.35903505065933	-0.0330713592333364	0.985491324180558	1.00242480172367
228	-0.0108858509526539	6.83024859918008	2.51912828423789	1.18111098342234	-0.108498539137412	7.29582630802165	1.64936379645011	0.878931167793759	-2.66274897026682	1.95099267467654	0.0222050157562205	0.0976126881847586	-0.465577708841574	0.869764487787783	0.302179815628579
229	-0.289102078700116	6.78455594777808	0.78002087346407	0.852370331824503	-0.0927257719063899	6.64390103116256	1.50661822624605	0.79967199907622	-2.41378458830961	1.77809842296511	-0.0470908617193039	-0.196376306793726	0.140654916615518	-0.72659735278198	0.0526983327482825
230	0.80794835633843	5.60705405967262	0.744155987677657	0.701077689469785	-0.118366283805304	5.83619965584158	1.29530849641519	0.706837390110246	-2.18734244782281	1.55319771894929	-0.553108431243241	0.926314640143734	-0.229145596168964	-0.55115250873753	-0.00575970064046043
231	-0.590435576198261	2.54495470259884	0.385928143615573	0.438516839036579	-0.442072059668978	3.50419975664475	0.494813355935574	0.468442707802276	-1.9867538952312	0.844769515811123	0.998750245845747	-0.148363516529282	-0.959245054045915	-0.108885212320001	-0.0299258687656974
232	0.459816163390004	7.51337177013846	2.14409232939554	1.32140863286711	0.163404571291925	6.34981684855528	1.63212190250052	0.734358665604299	-1.8494800539343	1.75904281007576	0.383926592713435	0.296411592098079	1.16355492158317	0.511970426895016	0.587049967262812
233	-0.402952902915209	7.25777066032908	1.94839592466788	1.45880201594352	0.38349757371294	6.92535068389264	1.93660008012993	0.776551253208493	-1.64449763137206	1.96706512178162	0.34946466422432	-0.786450476628149	0.332419976436439	0.0117958445379513	0.682250762735031
234	0.412349329475266	7.15131165902677	2.12888426306909	0.36278768669126	0.575313378746351	7.32160890839315	2.17695250962327	0.800819565438457	-1.43025142349044	2.11982327382777	-3.35772480495635	-0.162964049271085	-0.170297249366379	-0.0480682465541794	-0.438031878747197
235	-1.78707685582052	-4.47249009228715	-1.88500589645596	0.00534587030297118	-1.43107549714652	-4.10130901721948	-2.06501549679044	-0.316969999821959	-1.21145491519335	-1.44988385851135	1.39572816160907	-0.356001358673999	-0.371181075067676	0.180009600334484	0.32231587012493
236	-0.613925753695364	1.32880076713444	0.219366431114554	0.431733221290965	-0.554586883710753	0.819736757737598	-0.228308158593346	0.163139362558704	-1.28370126774401	0.0908326889488531	1.1984917095053	-0.0593388699846104	0.509064009396839	0.4476745897079	0.268593858732262
237	0.100361329086318	4.88701408508811	0.772485181959072	-0.283156193712432	0.173393861914904	4.57385054960204	1.21810710482797	0.522356621456534	-1.23111531710697	1.28024112955927	-0.581027643050812	-0.0730325328285851	0.313163535486065	-0.4456219228689	-0.805512815168967
238	-0.69187988746105	1.85905472935859	0.320916972776876	0.811160805232643	-0.176962156529515	2.26283028436072	0.402269553373936	0.289615854951725	-1.08599117043924	0.571189373552532	0.636658151735331	-0.514917730931535	-0.403775555002136	-0.0813525805970602	0.521544950280918
239	0.367783476339622	3.75893061626042	1.23559927325541	0.0447308337302572	0.205276028305978	4.06797274521411	1.12231955071131	0.458521761202664	-1.00227063406924	1.15072858793261	-0.230150784982836	0.162507448033644	-0.309042128953682	0.1132797225441	-0.413790927472406
240	0.216025039626015	3.38212965465683	1.14461562702519	0.352810967205453	0.0612762841336659	2.91956008618313	0.739861999374358	0.339292857620346	-0.875514549587157	0.805504944156513	-0.571742720964832	0.154748755492349	0.462569568473699	0.40475362765083	0.0135181095851063
241	-1.12348165338837	0.271714566169622	-0.218901021094677	0.132706132663511	-0.279339122006052	0.809524346687489	-0.0208316876793795	0.129253717163336	-0.7806376836929	0.15321172877603	0.129844941718834	-0.844142531382315	-0.537809780517867	-0.198069333415297	0.00345241550017513
242	0.649508732061979	0.913595114839528	0.74144045639059	-0.767073029033915	-0.192806416108948	1.15663414671372	0.12756463801367	0.160185527061309	-0.74088363293339	0.267735497617261	2.42876569439046	0.842315148170927	-0.243039031874189	0.61387581837692	-0.927258556095224
243	1.38150862816465	9.70647200761896	3.41471055785026	1.34164499541313	1.24949696648943	8.76233226123194	3.03312013590317	0.891811584706869	-0.693445688442213	2.669727642246	0.85314032032951	0.132011661675215	0.944139746387019	0.381590421947082	0.449833410706258
244	1.6150294069176	10.6345283024903	4.41791911140837	1.22218212756531	1.70799730467458	10.5253185265792	3.80131852533889	1.04666061033216	-0.457051239700359	3.25589519835091	-0.989830062430209	-0.0929678977569841	0.109209775911122	0.616600586069477	0.17552151723315
245	1.10299268574406	5.83433354947791	2.38602056467947	0.726020345287011	1.06054784514963	6.23575152607922	2.28919350378191	0.614322829316141	-0.18249199554337	1.94047561608561	0.200229105394067	0.0424448405944291	-0.401417976601309	0.0968270608975589	0.11169751597087
246	0.947441533035017	6.59927703932692	2.32187963961523	-0.275176698466428	1.14023345770994	6.18895554651025	2.3388510572003	0.599308799745181	-0.0220359075028054	1.94665715987112	-1.81586789235035	-0.192791924674921	0.410321492816675	-0.0169714175850712	-0.874485498211609
247	0.411317125123044	-0.296627515963037	-0.171548199843732	0.383342954935194	0.0253773141801425	-0.25793482142818	-0.0418838903658239	-0.0336306022729832	0.133238878847521	-0.0638764484663421	1.56627941937255	0.385939810942901	-0.0386926945348578	-0.129664309477908	0.416973557208177
248	1.22851340142404	4.62909831857126	1.77096580219146	0.182344352611935	0.950351801161787	4.73868282859315	1.84973979121869	0.449693995028449	0.123459536340628	1.50879061575284	0.202909331888865	0.278161600262258	-0.109584510021889	-0.0787739890272286	-0.267349642416514
249	1.49602242159994	4.70520226390503	2.56180509892777	0.470606679704086	1.03577983251542	4.85609638773304	1.9427614721654	0.453490819824986	0.238840118646941	1.56082088606642	1.55133477841809	0.460242589084514	-0.150894123828001	0.619043626762376	0.0171158598790996
250	1.90810827765988	8.60985310954768	3.97630153398631	0.0941764577875912	1.91521490440426	9.23766630682473	3.65363867430173	0.869211884948736	0.354271525374094	2.95607357587788	0.0702220203658488	-0.00710662674437387	-0.627813197277044	0.322662859684584	-0.775035427161145
251	1.2489948320965	7.74264654751018	4.65156912239473	0.730048181845914	1.88722324326767	8.43023008698144	3.44059893380525	0.77668784526879	0.57635639491036	2.73068823865594	1.00090705648251	-0.638228411171168	-0.687583539471265	1.21097018858948	-0.0466396634228762
252	2.37341413804479	11.174405752854	4.43028175118747	1.49393324378792	2.4104891099178	10.6595398081088	4.36889677055646	0.97920383031933	0.772703237212137	3.45852647127286	-1.35357895791135	-0.0370749718730083	0.514865944745151	0.0613849806310104	0.514729413468591
253	1.43442535483342	5.20642432040344	1.85260378902328	0.653974602226061	1.5230710612437	5.16223019013459	2.38704384447177	0.431986391614036	1.01987415148455	1.75909486623423	-1.62135586352839	-0.0886457064102739	0.0441941302688442	-0.534440055448492	0.221988210612025
254	1.16535368740544	-0.467267814273644	0.414150888604418	-0.791516756827352	0.509773017420216	-0.586213904559023	0.249574291638919	-0.130099362890648	1.1234330524508	-0.0381704839175834	0.941934035169905	0.655580669985223	0.11894609028538	0.164576596965498	-0.661417393936704
255	1.36016281150096	2.31305691683613	2.19287605360977	0.00659509644743719	1.04855664027376	2.43384832354198	1.37743851859202	0.164440939159127	1.08069187852556	0.90758059964408	0.755922208177872	0.311606171227199	-0.120791406705851	0.815437535017753	-0.15784584271169
256	1.97106264642717	5.57797443947799	2.2330879368734	0.376217868491514	1.45776697879285	4.53146698607539	2.18749402721538	0.364863524211264	1.11452078965097	1.57274474785754	-0.0705338471270609	0.513295667634323	1.04650745340259	0.0455939096580187	0.0113543442802501
257	0.840570631021313	4.25791143444645	2.02450409135795	0.306707686680674	1.363586537414	3.77290887661547	1.93558359249088	0.28599852753844	1.19994444456158	1.34493642594473	-0.235696779494386	-0.523015906392689	0.485002557830986	0.0889204988670708	0.0207091591422343
258	1.63076741500877	2.83526896823248	0.129279247152031	0.404226053047972	1.17524563113779	2.57108032974085	1.50663046789638	0.165692418379294	1.26426855536293	0.97474600385587	-0.164906103962788	0.455521783870984	0.264188638491634	-1.37735122074434	0.238533634668677
259	0.85731429880501	1.18089589312344	0.545702082852594	0.635255593713588	1.03563230974752	1.72460609585228	1.19920121924867	0.0817844547505777	1.29693884972237	0.712365299507496	0.830114648090363	-0.178318010942507	-0.543710202728834	-0.653499136396078	0.553471138963011
260	1.50739118368538	3.98061138010259	2.82246421008381	0.611204371601494	1.48927375413235	4.12930549370839	2.1160435148423	0.313384880354975	1.30763053087562	1.47124341764711	1.18779035684969	0.0181174295530319	-0.148694113605796	0.706420695241508	0.29781949124652
261	1.98014755372174	7.29821749540077	3.58900165439014	0.65557719653437	2.13784075425289	7.40379066152186	3.38802997444491	0.62509461009601	1.37817240494644	2.51190943273209	-0.0861313902215415	-0.157693200531149	-0.105573166121088	0.200971679945237	0.0304825864383601
262	1.80126205498831	6.52295886342212	2.87624901345205	0.69512726065587	2.0098290441636	6.27057461297742	3.02137255745462	0.505771756645506	1.52881286136083	2.17458709923734	0.220417183212802	-0.208566989175298	0.252384250444697	-0.145123544002564	0.189355504010365
263	1.94457147117125	6.05070131118969	3.1266808541155	1.43529317181981	2.0677495810498	6.23089595202156	3.05612202084033	0.494186219895266	1.64735690515124	2.1775455725264	1.61891522490881	-0.123178109878545	-0.180194640831861	0.070558833275166	0.94110695192454
264	4.018302846917	10.0732934470942	3.47965916966371	0.631114187568051	2.95027745669052	10.6315701910637	4.7738933225901	0.911807932949789	1.761945381323	3.57870624018257	-1.42138981586395	1.06802539022648	-0.558276743969511	-1.29423415292638	-0.280693745381738
265	2.24665557487753	4.88289153313902	2.47229132716266	0.294780024097131	2.00362225904642	4.89136365153814	2.6892005717106	0.342789156332088	1.98368600156652	1.79944580030037	0.439085140888988	0.243033315831112	-0.00847211839912401	-0.216909244547933	-0.0480091322349565
266	2.51580107889754	5.68101680851303	2.663494072009	0.360517479824912	2.19124593152316	5.68393770197698	3.0204455473853	0.414599807931071	2.05637794281581	2.05858636115932	-0.228254556283984	0.324555147374382	-0.00292089346394848	-0.356951475376303	-0.0540823281061584
267	1.98957252180932	4.3629386535371	2.11019011867936	-0.542929146423008	1.97761300503052	4.26826712861599	2.52143671902126	0.271911856995373	2.14706693679484	1.6244731687594	-0.178243464466754	0.0119595167788054	0.0946715249211157	-0.411246600341907	-0.814841003418382
268	1.70380600184904	4.2037600563277	1.29086765076684	0.111791335789837	1.80135774677356	3.16476290625538	2.12504317853346	0.161842715879952	2.20009694159037	1.28378238741671	-0.860765378588924	-0.0975517449245149	1.03899715007232	-0.834175527766624	-0.0500513800901154
269	1.99580453946705	0.214593396216925	0.475319704484938	-0.299990964919741	1.22809948136086	0.0146567833289231	0.940015209802234	-0.144042135779312	2.22421359070699	0.294638770086112	-1.11942853405103	0.767705058106191	0.199936612888002	-0.464695505317296	-0.155948829140429
270	0.149963091286678	-3.96707076391704	-0.996755236610836	-0.0948932015052377	0.522810784611619	-3.60973713786544	-0.458298518504841	-0.49055465155823	2.16897467052254	-0.854253640973533	-0.588582740156264	-0.372847693324941	-0.357333626051599	-0.538456718105995	0.395661450052992
271	0.763099910134691	-4.80159586904668	-1.24378535694304	-0.848165952734452	0.156937218322225	-5.14725279031418	-1.10233169705336	-0.629634457687792	2.02450687531284	-1.35741101703244	-1.07971590126982	0.606162691812466	0.345656921267506	-0.141453659889678	-0.21853149504666
272	-1.15143771211893	-8.59877507466087	-1.75158034824088	-1.03453749141286	-0.486007199410353	-8.06976592772765	-2.28646868335728	-0.900230741973463	1.84521288367216	-2.30138581659902	1.13792882052822	-0.66543051270858	-0.529009146933224	0.534888335116396	-0.1343067494394
273	0.117318523698469	-3.45694784186658	-0.657843971909024	-0.538531145280695	0.20520705834767	-3.62410980625177	-0.703911944096606	-0.454559501222138	1.59733841338717	-0.933318414410903	-0.910133212958747	-0.0878885346492009	0.167161964385186	0.0460679721875829	-0.0839716440585569
274	-0.800058473432494	-5.63633173625421	-2.26341139767784	-0.531272802696682	-0.339461004884435	-6.16308273296447	-1.72204807250253	-0.691293533809046	1.46680220789619	-1.75011978592856	-0.221442072918392	-0.460597468548059	0.526750996710267	-0.541363325175317	0.160020731112364
275	-0.392779330933183	-6.03789901695171	-2.25477833338996	-1.13610311799025	-0.457290986207536	-6.23152051574681	-1.82815178509004	-0.685430399441251	1.27605508437468	-1.7965498802541	1.42511711673438	0.064511655274353	0.193621498795098	-0.426626548299917	-0.450672718548999
276	0.932540608614699	-2.15243276260252	-0.420693295032107	-0.429156390117326	0.402358696087532	-1.05933780416929	0.0553368359005875	-0.173510930093472	1.08836569437164	-0.191777775494311	-2.02453810299861	0.530181912527167	-1.09309495843323	-0.476030130932695	-0.255645460023853
277	-0.363511753400967	-6.83301241344055	-2.68168074598252	-0.913803263735509	-0.808458127959536	-7.40330434424635	-2.37414153398141	-0.782841703010937	1.03467310690812	-2.19713810094349	-2.05367014194485	0.444946374558569	0.570291930805802	-0.307539212001109	-0.130961560724572
278	-1.17117594914987	-12.6879504694752	-5.29369599122193	-0.482743269473061	-1.99247324923651	-13.1380383443272	-4.63854318925811	-1.3230349700108	0.823723670629256	-4.03109443279399	0.92447185042688	0.821297300086642	0.45008787485204	-0.655152801963819	0.840291700537736
279	-0.818806571142949	-9.41923399591888	-2.94282396139664	-0.692237583308148	-1.37312938788866	-8.7790303864945	-3.13136520455957	-0.879117908335452	0.474679620255344	-2.70351313908771	0.335561708036011	0.554322816745715	-0.640203609424377	0.188541243162924	0.186880325027304
280	-1.5078345053369	-7.1340394501884	-2.53861292252974	-0.0333570161867528	-1.12459344828893	-6.75974340753445	-2.46243501652663	-0.668920784118851	0.243336870086598	-2.09760011714293	-0.0513765780509094	-0.383241057047966	-0.374296042653948	-0.0761779060031069	0.635563767932099
281	-0.960153701437024	-5.55079466843392	-1.5965256278517	-0.300722885205277	-1.11393227273415	-6.18446922994432	-2.31772895727921	-0.601898342272533	0.0682598631460713	-1.93921668347955	0.491125246767049	0.153778571297124	0.6336745615104	0.721203329427514	0.301175457067256
282	0.0532189165957292	-4.32472698687268	-2.2065877353442	-0.668622750079327	-0.783069875342164	-3.94502071546201	-1.53374889696633	-0.375339510812083	-0.0880583641811886	-1.25416976836454	0.721352705167093	0.836288791937893	-0.379706271410675	-0.672838838377869	-0.293283239267244
283	-0.41407527257924	-1.002736199278	-0.0135342142402991	-0.723598159805465	-0.328231956970741	-1.21696192196971	-0.53922536253773	-0.105496702783495	-0.184482422963209	-0.407400086360997	-0.495467656862977	-0.0858433156084989	0.214225722691709	0.525691148297431	-0.618101457021971
284	-1.14693211269264	-3.52459187653062	-1.604698878966	-0.448158525671532	-0.609253827087164	-2.64985001309327	-1.09371189355742	-0.242229033235126	-0.210294410438372	-0.862127734587875	-0.0740947906158756	-0.537678285605471	-0.874741863437347	-0.510986985408587	-0.205929492436407
285	-0.521917163560686	-3.19349337206809	-1.21109108353276	0.135106697840797	-0.630990270056812	-2.58613442934868	-1.09516114284141	-0.232085436392299	-0.271283300504744	-0.850009751744963	-0.411542234553757	0.109073106496126	-0.607358942719407	-0.115929940691352	0.367192134233096
286	-0.860809831662378	-2.95579189011662	-1.61016144189414	-0.890914868369204	-0.851431974404911	-3.59881283396187	-1.5036878188468	-0.326127922220945	-0.329154578725843	-1.17655101112422	0.098835113265691	-0.00937785725746729	0.643020943845253	-0.106473623047341	-0.564786946148259
287	-0.409926529649242	-1.77631518113291	-0.857226759284171	0.342750891028872	-0.762196901854897	-2.8777092736317	-1.26444076174509	-0.251121929945096	-0.410896035106743	-0.960060796746111	1.38637916288429	0.352270372205656	1.10139409249878	0.407214002460918	0.593872820973968
288	0.409712281231767	2.60748714891897	0.423194506853086	0.328486472655648	0.0848233146858578	1.85378077655791	0.504791828341321	0.209984256827732	-0.472566366069867	0.522324445812789	-0.674864493787017	0.324888966545909	0.753706372361061	-0.0815973214882346	0.118502215827917
289	-0.153756566440267	-0.63433227438975	-0.0307398971891069	-0.494509770945786	-0.31740761881808	-0.478526670560193	-0.355658773176306	-0.019125577179113	-0.414407687504173	-0.204772492555507	-0.0207751448342782	0.163651052377813	-0.155805603829557	0.3249188759872	-0.475384193766673
290	-0.0185139205962284	-0.286167905092741	-0.179968455589404	0.492984632176881	-0.3183432709847	-0.478808824521699	-0.356439277749288	-0.019048003382294	-0.416010662080573	-0.205070388134234	1.37118514883875	0.299829350388472	0.192640919428958	0.176470822159884	0.512032635559175
291	0.290817855882771	3.78650572402	1.84918221864937	0.612656372344428	0.503546399039582	3.93988997771718	1.31936919168632	0.40791139632337	-0.417580616141601	1.18662179951794	-1.09641403294016	-0.212728543156811	-0.15338425369718	0.529813026963052	0.204744976021058
292	-0.258915647891926	0.0366712029189082	0.47131340721433	0.391721658116743	-0.163069545467322	0.0374302345863738	-0.115468772974928	0.023800386246197	-0.308643851295132	-0.028454413374015	0.158141068167557	-0.0958461024246041	-0.000759031667465594	0.586782180189257	0.367921271870546
293	0.233015964550208	0.0413266090162966	0.336984162953603	0.94683625214568	-0.0638102613712331	0.544914648617584	0.0807072753079848	0.072258768339609	-0.299991999148094	0.132532096130944	0.174485805234264	0.296826225921441	-0.503588039601288	0.256276887645618	0.874577483806071
294	-0.194481529386162	2.1109975057363	-0.135914516974667	0.694105153703779	0.0415037464574376	1.04801806614382	0.280460497922476	0.119478375732519	-0.278869332953952	0.293764691752114	-1.24684634516245	-0.235985275843599	1.06297943959248	-0.416375014897143	0.57462677797126
295	-0.222484376138439	-3.48626487427546	-1.7519441478129	-0.772504663241749	-0.697156985674891	-3.01719463492582	-1.24795726502913	-0.275400139677118	-0.245697147976508	-0.982458122585546	-2.03866446186401	0.474672609536453	-0.46907023934964	-0.50398688278377	-0.497104523564631
296	-1.51618803119787	-8.6310247903904	-3.40399227908132	-0.377517049066254	-1.87697616007942	-9.1485427341007	-3.60331937082192	-0.863171605371247	-0.314984585150241	-2.922876772191	0.183628229274229	0.360788128881554	0.517517943710293	0.1993270917406	0.485654556304994
297	-0.869606095457916	-7.24190128313444	-3.36406639658885	-1.29275688971155	-1.70030472498307	-7.54629098487438	-3.08820070549198	-0.693947990254451	-0.535823538874002	-2.44696086569767	-0.56123838009713	0.830698629525159	0.304389701739941	-0.27586569109687	-0.598808899457102
298	-2.02424943749442	-8.68493236743374	-3.05942150645414	-0.655552770132009	-1.97046113633829	-8.47863374197593	-3.51556678318041	-0.77255282342106	-0.711085225024012	-2.76350315922504	-0.842520992611649	-0.0537883011561299	-0.20629862545781	0.456145276726274	0.117000053289052
299	-1.97524700593132	-9.63597447175078	-3.50857593197776	-0.784313153182036	-2.39714218317742	-10.1956089699783	-4.24857663125647	-0.925717224039528	-0.90527393794781	-3.32967383591418	0.456322910432091	0.421895177246098	0.559634498227568	0.740000699278714	0.141404070857493
300	-2.08465774960473	-6.91524573402989	-3.4396889434542	-0.554360052863167	-2.04064523339148	-7.59379573719292	-3.35901885301456	-0.65918680981154	-1.13753231374857	-2.54038354189067	0.243900578873739	-0.0440125162132481	0.678550003163031	-0.0806700904396405	0.104826756948374
301	-2.34413952803211	-6.03820582889539	-2.71210596383778	-0.823796024965284	-1.82279405198214	-5.94623162958539	-2.80173933691807	-0.489472642467968	-1.29893889933468	-2.04244460882787	-1.00438650086313	-0.521345476049971	-0.091974199310004	0.089633373080294	-0.334323382497316
302	-2.2824227082405	-8.02145749789686	-4.27200107497958	-0.107424792805771	-2.35081318184094	-8.4382597522609	-3.79603399108732	-0.722610404623193	-1.41512121759095	-2.84258664880821	0.566149744039523	0.068390473600432	0.416802254364044	-0.47596708389226	0.615185611817422
303	-2.10303255689303	-5.88170318097438	-2.93086611232573	-0.698139620109753	-1.93133150089597	-5.66588401128713	-2.81795144986267	-0.44330997448335	-1.5906996809577	-1.99217823988787	-0.508687912739858	-0.171701055997069	-0.215819169687253	-0.112914662463068	-0.254829645626403
304	-1.77730634031351	-7.20116891231901	-3.69636011215268	-1.21047931069013	-2.16253561109741	-6.60615150372933	-3.21749433201767	-0.527479360460131	-1.69257928921593	-2.30164832863894	-2.77515782589579	0.385229270783903	-0.595017408589683	-0.478865780135013	-0.682999950229994
305	-4.82350915372488	-14.411526291558	-6.78799166216572	-1.07356811228385	-3.72509597140975	-14.6346064157419	-6.31512329409076	-1.29501366134051	-1.81541859457877	-4.84664132167083	1.82733220436897	-1.09841318231514	0.22308012418383	-0.47286836807496	0.221445549056659
306	-2.00321346102321	-7.14151512122247	-4.33288506659256	-1.77678887586296	-2.51032616871506	-7.16231059426066	-3.61475353839856	-0.552213684841753	-2.13589829010785	-2.53464498513478	0.843353930269794	0.507112707691846	0.0207954730381949	-0.718131528193996	-1.22457519102121
307	-1.67978275502233	-4.13919089192097	-2.47733592977069	-0.167431037937382	-1.92153717431956	-3.6283479504389	-2.32675054622331	-0.202606685951877	-2.26155859771167	-1.43782655635151	0.0706625677171148	0.241754419297231	-0.51084294148207	-0.150585383547374	0.0351756480144955
308	-1.82677634974653	-3.06303994683903	-2.62933825759476	-1.20158754009922	-1.81096917043529	-2.93342842193635	-2.07745158004614	-0.133241204805427	-2.29572833152985	-1.22338133299924	-0.404056848366094	-0.0158071793112369	-0.12961152490268	-0.551886677548619	-1.0683463352938
309	-3.09212044591271	-3.55659818320098	-2.50690147398091	0.617803002823828	-1.98504829224032	-3.82116989240918	-2.42096134287296	-0.217956525316318	-2.31167083379001	-1.50510004806541	1.72765102118882	-1.10707215367238	0.264571709208202	-0.0859401311079485	0.835759528140146
310	-1.02481589906619	2.87984631875306	-1.45115158330827	1.13352985672702	-0.892743258621563	2.15683823865212	-0.168741058922031	0.362001099849766	-2.34940831025549	0.373060977929955	-0.504795475928999	-0.132072640444625	0.723008080100942	-1.28241052438624	0.771528756877251
311	-1.15501641536411	-0.0516904002305797	-0.204208548483712	0.943219761752178	-1.15979936990432	0.389255898232156	-0.7920372820023	0.183881043951009	-2.2367521465328	-0.16904059579204	-0.866355061199612	0.00478295454020379	-0.440946298462736	0.587828733518588	0.759338717801169
312	-1.2831815667637	-2.63590811056873	-2.4515368509205	0.482958464599613	-1.63080433376719	-2.33457632630318	-1.79788620194192	-0.0835409340873659	-2.17110194541367	-1.01849159741245	1.01496168179849	0.347622767003488	-0.301331784265551	-0.653650648978581	0.566499398686979
313	-0.630815473360008	1.2167793848192	-0.211040996374844	0.916679110793289	-0.972590512771077	1.21252938793666	-0.453820279891489	0.259385116439794	-2.17518880493591	0.0983192441272855	-0.0946008097266501	0.341775039411069	0.0042499968825418	0.242779283516646	0.657293994353495
314	-0.961300411916548	0.88912379682771	-1.20164086450855	0.792805542143298	-0.994189500048394	0.845940373299768	-0.557323410050992	0.218433044998701	-2.0904958501141	-0.00611349001209315	0.974373130404642	0.0328890881318455	0.043183423527942	-0.644317454457563	0.574372497144596
315	-0.218836760146922	4.86655061014574	1.52363092669202	-0.00446177691299321	-0.383087577512141	3.91072612616408	0.636307800582333	0.509697689047237	-2.01708494452875	0.968870989393759	0.552070533214889	0.164250817365219	0.955824483981661	0.887323126109688	-0.51415946596023
316	-0.0649037179942151	4.9414338376319	2.04781147486727	0.23632362052853	-0.0438053006520065	5.29440132356699	1.2235394519492	0.633672376300601	-1.86888966776143	1.42405442366927	-0.645275006800513	-0.0210984173422086	-0.352967485935088	0.824272022918072	-0.397348755772071
317	0.385958470890692	3.27070941829045	-0.38540344899716	0.778656578320971	-0.424548017581964	2.71971061167529	0.321931274054619	0.373239645818291	-1.68980739297822	0.636373974501832	-0.125202996655577	0.810506488472655	0.550998806615156	-0.70733472305178	0.40541693250268
318	-0.810063066861966	2.53265037914375	0.473797423956449	0.493008248114989	-0.483936208832974	2.07458787906081	0.123483753579653	0.303709981206314	-1.57956944286188	0.447533580396071	0.562247130771957	-0.326126858028992	0.45806250008294	0.350313670376796	0.189298266908676
319	-0.719975046687801	3.79306246062427	0.695703798261883	0.599959408063771	-0.134756213540282	3.67960184412295	0.770811381555866	0.452783797548074	-1.48821550981382	0.965027353128422	1.47925177527163	-0.585218833147519	0.113460616501323	-0.0751075832939831	0.147175610515696
320	0.641079641820738	8.94584177354312	1.98944165857311	0.877856619574187	0.743809958935832	8.01578029369341	2.4702495721802	0.863219806622186	-1.3590200759654	2.34777639308721	-0.234444250784424	-0.102730317115094	0.93006147984971	-0.480807913607093	0.0146368129520016
321	-0.0398133572873164	6.74574343399216	2.47694700823091	0.529302252943856	0.577507031803552	6.42917818768241	1.96675320522736	0.694623086711905	-1.12465006672393	1.87855450299407	0.375147272934477	-0.617320389090868	0.316565246309746	0.51019380300355	-0.165320833768048
322	0.951208370424985	5.84183365288255	2.83597989174023	0.827923597305922	0.777699838269979	6.94558096359787	2.24201738912683	0.732158775428427	-0.935804360363767	2.06584632562914	0.675146584850571	0.173508532155006	-1.10374731071533	0.5939625026134	0.0957648218774955
323	1.63803443212471	9.02330022352439	2.55872659403327	0.963720310412627	1.14803259554335	8.35151068219299	2.85821125547115	0.855089329963899	-0.738769727264726	2.53440827791679	1.26925924895058	0.490001836581352	0.671789541331406	-0.29948466143788	0.108630980448729
324	1.23967553555607	11.2083808621478	4.13466608133861	0.458634127608567	1.85617114832436	11.4822436954186	4.14149811593722	1.14266348380643	-0.511512717028283	3.55022669907569	1.68880515313423	-0.616495612768287	-0.273862833270757	-0.00683203459860927	-0.684029356197861
325	2.35526692399349	15.6448173050023	6.40921152991333	1.90602184806578	2.78665435495909	15.5923346048412	5.82685219261544	1.52009891882817	-0.211668806717112	4.88400918230236	-0.750776712508746	-0.431387430965596	0.0524827001610801	0.582359337297897	0.38592292923761
326	1.94107620895912	11.2948957390726	4.49528154883558	0.490925976772587	2.24138970166339	11.4949072112403	4.43826811579929	1.09843920706795	0.183431278571847	3.64483155156338	0.0694796452606776	-0.300313492704266	-0.200011472167714	0.0570134330362833	-0.607513230295365
327	1.23686285258768	10.5512184763794	3.54577770443408	1.31335905995564	2.20101001367877	10.4413347556111	4.15734614410647	0.978168065213848	0.466218176888557	3.34982804166772	-0.254756083883411	-0.964147161091094	0.10988372076827	-0.611568439672388	0.335190994741795
328	1.86674798750068	8.6141748712933	3.70198722217042	0.799105725866376	1.97058056878126	8.46592843571046	3.51264149171398	0.771030461466359	0.715596091356622	2.76008915361753	-1.39730554191698	-0.103832581280579	0.148246435582845	0.189345730456441	0.0280752644000177
329	0.222598512965246	2.38163830491919	1.82403323250672	0.447167458086324	1.07329102898606	3.07363982115905	1.5481937299979	0.237451350505922	0.909354399965468	1.0867746963388	-0.279255140947152	-0.85069251602081	-0.692001516239856	0.275839502508821	0.209716107580401
330	0.313152764538476	1.87621076760278	0.550196967925863	0.515012355811275	0.869621373746528	1.8197163960304	1.09518320951104	0.112780917882255	0.963461535495308	0.698842085757765	0.0990111125367341	-0.556468609208052	0.0564943715723756	-0.544986241585174	0.402231437929021
331	1.13359084251708	1.73302420874335	1.38816115961701	0.607008763189171	0.89698172860301	1.90332126893506	1.13589657378092	0.119457422588955	0.984867907008685	0.727968989718723	0.674936437569069	0.236609113914072	-0.170297060191714	0.252264585836091	0.487551340600216
332	1.07557255432878	3.19010338297736	1.90354285210208	0.257115049385925	1.26378845203285	3.80536134787801	1.86718318698588	0.301697367476513	1.00782924105684	1.33010852831592	0.680130493625587	-0.188215897704069	-0.615257964900654	0.0363596651162069	-0.0445823180905885
333	2.15728227850379	5.34663335502976	2.66543444375885	1.34385791684924	1.62033265179207	5.5132901012764	2.54455969963252	0.462113523920225	1.07776754372737	1.87722816910991	0.333028959697958	0.536949626711714	-0.166656746246638	0.120874744126325	0.881744392929017
334	2.59388468561567	5.24522174667668	2.09146554941944	1.14851087820897	1.7587675743419	5.92867575071732	2.74874548450742	0.494988955082762	1.1886556076661	2.02253431189688	-1.30254656516183	0.83511711127377	-0.683454004040643	-0.657279935087978	0.653521923126212
335	0.501115185757224	0.0426375072893328	1.04491631747261	0.298037485836917	0.925426750376156	1.10250359024528	0.967466153751152	0.0210197016874982	1.30715611124238	0.51773431554536	2.36972114324676	-0.424311564618932	-1.05986608295595	0.0774501637214541	0.277017784149419
336	2.08827772001172	8.90096987886402	3.49528466909931	0.602451768026974	2.29314851419565	8.46314979881831	3.75796868286728	0.732410084335813	1.30203979821745	2.83568202723758	-0.0301796053863517	-0.20487079418393	0.437820080045704	-0.26268401376796	-0.129958316308839
337	2.2666522239703	8.49694398446273	3.13691875377585	0.0824884370008914	2.19252302171087	7.39302239962191	3.42717359195201	0.617325285120573	1.48106754823247	2.52193421912747	0.253574329788397	0.0741292022594365	1.10392158484082	-0.290254838176162	-0.534836848119682
338	2.32769750779521	7.51029441548516	2.27412315131414	0.0929288980491547	2.26337337554531	7.33622575899217	3.46771921249064	0.602172918472665	1.62886641951721	2.52331512700312	0.42787768968478	0.0643241322499015	0.174068656492986	-1.19359606117649	-0.50924402042351
339	1.95147902306982	7.57686332181569	4.06268270073467	0.726836183535308	2.43474968690194	7.83444931999782	3.71669231403246	0.640971313565262	1.77155040300408	2.69886130398759	-0.948132976395269	-0.483270663832114	-0.257585998182135	0.345990386702214	0.0858648699700456
340	1.99757985288467	3.6174311985988	2.09042375261171	-0.0373753629864423	1.78659700344578	3.90499830710218	2.28952623203192	0.251464614293068	1.92312287592893	1.48084219719356	-0.782776303879406	0.210982849438885	-0.287567108503372	-0.199102479420203	-0.28883997727951
341	1.50577462824961	0.9041805498684	1.80248986643485	-0.0450509313117583	1.25984010511459	0.929390284317834	1.18138733868903	-0.0392263832127795	1.97266976170826	0.5499816735948	-1.50609463853413	0.245934523135013	-0.0252097344494336	0.621102527745813	-0.00582454809897882
342	-0.140749678529688	-4.55589579495494	-1.247935750106	-0.919595511785045	0.324714404457963	-4.0156392857227	-0.70573001329044	-0.515222208874201	1.9465877747735	-1.0111111322988	-0.806129696260841	-0.46546408298765	-0.54025650923224	-0.54220573681556	-0.404373302910844
343	-0.28211481541428	-6.46562617260559	-1.30619177406412	-1.03170839052698	-0.162653905383606	-6.19208192113574	-1.5941015711723	-0.715723832894347	1.79753209826109	-1.71612971532977	-1.1785062758309	-0.119460910030674	-0.273544251469848	0.287909797108184	-0.315984557632637
344	-0.732629650245789	-8.95394834041482	-2.71418377669134	-1.06485810775914	-0.852478099076179	-9.30587172377521	-2.85939960601536	-1.00346075346959	1.59779174777617	-2.72302301962769	0.726775736348268	0.11984844883039	0.35192338336039	0.145215829324026	-0.0613973542895508
345	-0.596477456323572	-5.24665333941052	-1.92634094503092	-0.813113658440259	-0.391086742758281	-6.02137320402967	-1.72777402010215	-0.668343638671933	1.32520016098739	-1.72394498131665	0.290075165620452	-0.205390713565291	0.774719864619146	-0.198566924928772	-0.144770019768326
346	-0.313512833679083	-4.29621219618255	-1.43928847738643	-1.17206382943492	-0.204748330823894	-4.4771959420838	-1.21907089750388	-0.507161283339993	1.14153582686196	-1.26147531756454	-0.380211417928357	-0.10876450285519	0.180983745901252	-0.220217579882554	-0.664902546094929
347	-0.462969056660794	-4.96536237327994	-1.25783236930585	-0.254879397903103	-0.421486806378272	-5.22559802973694	-1.56203163609637	-0.570272414859047	1.00106753263832	-1.51553920373644	2.42444992048639	-0.0414822502825221	0.260235656457002	0.304199266790521	0.315393016955944
348	0.13833291311828	2.48410019319567	0.968988890329747	0.258724878455145	1.02743487520318	3.01658939956988	1.49967996487326	0.236122544835039	0.845400893578935	1.06046463712359	1.56375055187387	-0.889101962084904	-0.532489206374206	-0.530691074543514	0.0226023336201064
349	1.12886695011434	6.97317951257054	3.75859926774095	0.869327437846144	1.91480859862317	7.62173013693128	3.26968909173043	0.677440246553626	0.899680606228708	2.51816872528511	-0.236397000990794	-0.785941648508831	-0.648550624360736	0.488910176010527	0.191887191292517
350	1.37491723747882	6.31307717565454	2.34951835661514	0.635226116657942	1.7058544808903	6.00228856991618	2.72587095945169	0.510008239280694	1.06773184449627	2.0299548517658	0.320914622890749	-0.330937243411481	0.310788605738364	-0.376352602836551	0.125217877377248
351	1.22774184724368	7.22002194516952	3.30353459915389	0.519799999596221	1.83401250913002	6.3255674645531	2.90035261097083	0.533170050920407	1.19109576263177	2.14787398947997	-3.88166291219259	-0.606270661886337	0.894454480616421	0.403181988183055	-0.0133700513241858
352	-1.06185828560703	-5.10008344393808	-1.80106090753471	-1.31830410940672	-0.526588146175593	-6.73210798151984	-1.99984163181322	-0.736626742818816	1.3194575551798	-1.94857632166061	-0.0526667884236275	-0.535270139431442	1.63202453758176	0.198780724278511	-0.581677366587904
353	-0.398239639694629	-6.35455341941115	-2.43248574604495	-1.3103907062084	-0.537919008489816	-6.19738824688183	-1.88153450425121	-0.671807747880696	1.11816841676231	-1.80638547791818	0.472145577840787	0.139679368795187	-0.157165172529323	-0.550951241793743	-0.638582958327708
354	-0.167142765592104	-4.77567940426855	-1.27278061503083	-0.277242653736969	-0.238717695637113	-4.04936201070104	-1.1434034305242	-0.452342867443545	0.935279500171209	-1.15360135228558	-0.463176165660541	0.071574930045009	-0.726317393567504	-0.129377184506632	0.175100213706576
355	-0.295357234755912	-5.96438489175238	-1.09730747692592	-0.639568541943114	-0.503361806998266	-5.1019504504762	-1.5951134393775	-0.545875816189619	0.810663462399403	-1.50141738271756	0.14616776615993	0.208004572242354	-0.862434441276183	0.497805962451586	-0.0936927257534956
356	-0.20968843704543	-4.41293491566899	-0.996221362037972	-0.169009518807838	-0.398254237904775	-4.10010266215533	-1.27711064118767	-0.439428201641445	0.662848114577513	-1.20510787828587	-0.508747183443735	0.188565800859345	-0.312832253513667	0.280889279149694	0.270418682833607
357	-0.643495089015028	-4.84708543401103	-2.27281681398435	-0.626181912746158	-0.684164764222171	-5.28330328553665	-1.77604685616085	-0.545941045969339	0.543774345159192	-1.59334427390102	-1.41818166036148	0.0406696752071432	0.436217851525614	-0.496769957823503	-0.0802408667768187
358	-2.32852916421123	-9.22927347937279	-3.42008320572978	-0.775178754744175	-1.49730190993955	-9.219322159477	-3.33058760314292	-0.916642846601685	0.398097404391796	-2.8521915068724	0.12345515623928	-0.831227254271681	-0.00995131989579314	-0.0894956025868615	0.141464091857511
359	-1.62663633362325	-7.58300311971867	-2.41796826245125	-0.473708575347519	-1.36966295908044	-7.82242289856912	-2.90161336273106	-0.765975201825308	0.157661915295076	-2.44351719994588	-0.36839538040173	-0.256973374542809	0.239419778850446	0.483645100279802	0.292266626477789
360	-1.88881281144035	-7.51002317430993	-3.39813529556704	-0.715956608351302	-1.53751909268612	-8.1336276768761	-3.10350184671223	-0.782991377013054	-0.041840205051529	-2.56756086035302	-1.35970007003841	-0.351293718754226	0.623604502566168	-0.294633448854812	0.0670347686617519
361	-1.91485335709896	-11.1970956102937	-5.43618016274409	-1.63802256419899	-2.28532950778051	-11.5512814356706	-4.4851599585675	-1.0999152253935	-0.244134891847143	-3.67050484435612	0.107065870717942	0.370476150681549	0.354185825376907	-0.95102020417659	-0.538107338805489
362	-2.53158286794261	-9.49207076416609	-3.63008141194029	-0.789264841383435	-2.13902437213554	-9.9291443440702	-3.98847732545745	-0.924726476660955	-0.52681355544273	-3.19638848920257	0.50718237063333	-0.392558495807071	0.43707357990411	0.358395913517157	0.13546163527752
363	-2.06252267636158	-7.2802953977127	-3.09068899575691	-0.34598581614756	-1.76166949747477	-7.20702689672402	-3.0544520683153	-0.646391285420267	-0.761871825158417	-2.36956726964898	2.21193622466875	-0.300853178886814	-0.0732685009886757	-0.0362369274416122	0.300405469272707
364	-0.875652226145669	1.22667933344178	-0.088118288012941	-0.204459676321896	-0.390471725136006	0.633896924997888	-0.147275965428771	0.121597879853617	-0.923000701947557	0.0793256819846695	1.0518547103383	-0.485180501009663	0.592782408443889	0.0591576774158303	-0.326057556175513
365	-0.125012203672635	4.06529906058352	1.12395807112189	0.276600109688011	0.245037198949583	3.931807628051	1.120314006075	0.437638403562711	-0.884078261273921	1.1232478241245	0.0955261056126931	-0.370049402622218	0.133491432532515	0.00364406504688864	-0.161038293874699
366	0.728904291703895	4.92541577888687	1.42884201046727	1.59102793404526	0.292157310904548	3.8286410800129	1.13175450851445	0.41979859880495	-0.763681114040798	1.10644914732475	0.0608621203894603	0.436746980799347	1.09677469887397	0.297087501952827	1.17122933524031
367	-0.816283760597754	4.47964648295319	0.365399079212817	0.00604834466985321	0.317132031915645	3.62307712863601	1.10199698392005	0.392432476002202	-0.648873059189455	1.05666635298173	-0.0186613668058491	-1.1334157925134	0.856569354317182	-0.736597904707231	-0.386384131332349
368	0.814975636070837	4.30789844797957	1.07156690479394	0.369853271479921	0.294247663155461	3.18417827772896	0.980346542491926	0.343049439668232	-0.542074304493818	0.93233835087771	-0.19342082939954	0.520727972915376	1.12372017025061	0.0912203623020156	0.0268038318116885
369	0.431895587685799	2.38449937658059	0.161761584549004	0.382724637565188	0.168947065152131	2.23560640380321	0.659593002040409	0.245322968444139	-0.448917989938249	0.645683686390399	-1.40878431628826	0.262948522533668	0.148892972777377	-0.497831417491405	0.137401669121049
370	-0.345233444650321	-2.61172735247665	-0.824418955818088	-0.57454642383806	-0.670154932395742	-2.46946200542857	-1.09732847165484	-0.213586769629551	-0.381804880094712	-0.827668998536905	0.172495985566207	0.324921487745421	-0.142265347048072	0.272909515836755	-0.36095965420851
371	-1.14472171148835	-0.528334627196372	-0.647809529672715	0.121078744557307	-0.543999012323785	-1.63750325619131	-0.803607817627648	-0.129804402651932	-0.433996308228059	-0.572406113117007	0.0923437132255387	-0.600722699164566	1.10916862899494	0.155798287954933	0.250883147209239
372	-0.847810240255641	-0.0713549900256629	-0.763904169531715	0.415049436502822	-0.469836214697272	-1.15018008482137	-0.631356566484586	-0.0807601758936569	-0.46408398192714	-0.422821788579768	0.410308300469066	-0.377974025558369	1.07882509479571	-0.132547603047129	0.495809612396479
373	-0.810214384530633	0.495330823797772	-0.166717921179089	0.408264015334539	-0.210436191643741	0.29370822700257	-0.0907470603069649	0.0598445656683882	-0.481236384499496	0.029768690747275	-0.187990350563114	-0.599778192886892	0.201622596795202	-0.0759708608721238	0.348419449666151
374	-0.302445644238133	0.426351278407232	0.0995233924233914	0.159047051506351	-0.314137375071735	-0.320553554940968	-0.315660490405954	-0.000761557667109197	-0.461862769211944	-0.161198528890566	0.838075902338805	0.0116917308336025	0.7469048333482	0.415183882829345	0.159808609173461
375	-0.0927443571163669	2.78163717097134	0.677688732686226	0.400455241253526	0.19245437214994	2.38970344775639	0.714103634003388	0.260824630926724	-0.45833003885517	0.692997226337296	0.505845519548953	-0.285198729266307	0.391933723214949	-0.0364149013171624	0.139630610326802
376	0.727983495796015	4.28511568344528	0.868288213710456	-0.388915444516759	0.484236276805752	3.74608321564313	1.25863179563096	0.387197759412605	-0.387129201689881	1.12954302325252	-0.0880633542252946	0.243747218990263	0.539032467802149	-0.390343581920507	-0.776113203929364
377	0.527272207444431	3.44925509059619	0.985539263919885	0.0865689414623781	0.414376901424028	3.06516207110593	1.04370015371267	0.314661626144319	-0.283798891256556	0.928525366701972	-1.33851748378792	0.112895306020403	0.384093019490259	-0.058160889792782	-0.228092684681941
378	-0.583682644870836	-1.66947110320524	-1.58806884650361	-0.620961278347608	-0.39203797562703	-1.51350467507255	-0.658285426419454	-0.133123725396212	-0.200074867197493	-0.502844653756148	-1.61479529775552	-0.191644669243806	-0.155966428132697	-0.929783420084157	-0.487837552951396
379	-1.7673478989719	-6.54538092556894	-2.62871290385519	-0.408911011692272	-1.3323843324518	-6.46658939241242	-2.55129636917536	-0.60945601836178	-0.23291061239437	-2.06735548613605	-1.87531967138068	-0.4349635665201	-0.0787915331565247	-0.0774165346798288	0.200545006669508
380	-2.58566347424023	-12.0522454036357	-4.88500324911301	-0.929251572916613	-2.39253490176539	-11.6991462126997	-4.60201825341941	-1.10474167582701	-0.388752581894821	-3.73593960890313	0.389386396020234	-0.19312857247484	-0.353099190936018	-0.282984995693602	0.175490102910396
381	-2.51026247494678	-9.18709347060951	-4.00858740728533	-0.728205745596578	-2.07551982019287	-9.15995140551492	-3.75743517922491	-0.840957679516018	-0.671512422664944	-2.97295925199258	0.974146757739731	-0.434742654753909	-0.0271420650945888	-0.251152228060419	0.11275193391944
382	-1.90959084945033	-4.33657865701003	-3.20251989130396	0.0561767110995615	-1.42452168419727	-5.03580162078204	-2.28187571009985	-0.428677012951287	-0.883723397236193	-1.70151656905359	0.903263638616679	-0.485069165253053	0.699222963772015	-0.920644181204115	0.484853724050848
383	-0.44747857687586	-1.98289023914326	-0.985899297871435	-0.393590382048887	-0.839208833889317	-1.58518240977228	-1.01631016976509	-0.088550667937887	-0.987525352824839	-0.628101273531553	-1.44643394106224	0.391730257013457	-0.39770782937098	0.0304108718936561	-0.305039714111001
384	-1.88079767856217	-5.29423796781799	-3.46833937069587	-1.25877102866059	-1.66415313586176	-5.97143266452757	-2.68674445255434	-0.511295658346289	-1.00246677924853	-2.01172508724064	-0.137868795147691	-0.216644542700408	0.677194696709577	-0.781594918141533	-0.747475370314304
385	-1.754950210925	-4.93306481907083	-2.74353050246896	-0.869571793655705	-1.68559738921042	-5.71904763422149	-2.64317882908144	-0.478790719935508	-1.1266909263805	-1.94842137366427	-1.51396212581758	-0.0693528217145736	0.785982815150655	-0.100351673387525	-0.390781073720197
386	-2.38360539214858	-9.67291476827396	-4.45450814098717	-0.267842111722443	-2.51973521936123	-9.85918529006068	-4.26219435553079	-0.87122956808478	-1.24149984407653	-3.26754136211543	-0.0762586424617481	0.136129827212651	0.186270521786719	-0.192313785456382	0.603387456362337
387	-2.79094797996126	-8.10879994789717	-3.9426725848115	-0.192821801125169	-2.47375322523483	-8.97478439518405	-4.0171631800441	-0.771704977404632	-1.45694198022613	-3.01704586836563	-0.746706566701916	-0.317194754726429	0.865984447286878	0.0744905952325936	0.578883176279462
388	-3.24731945511182	-10.213867725724	-3.79201018499847	-0.886482805157769	-2.82585301382678	-10.3096830746547	-4.60258928573313	-0.888368135953174	-1.64488804060008	-3.46204784823098	-2.41262090652899	-0.421466441285047	0.0958153489306952	0.810579100734654	0.00188533079540489
389	-4.3146307863958	-16.6434698640451	-7.94746594820045	-0.284149130119401	-4.14996276364494	-16.7800338246917	-7.14846853130856	-1.49925288383181	-1.86150791645144	-5.52846396993687	-1.10008749592475	-0.164668022750858	0.13656396064665	-0.798997416891889	1.21510375371241
390	-5.38159692049121	-17.2767087986511	-7.9970458818212	-0.412055328835782	-4.65016625984944	-18.362912845577	-7.9057100054559	-1.62777187280323	-2.23447106415745	-6.07570506886793	-0.52027221171526	-0.731430660641767	1.08620404692583	-0.0913358763652989	1.21571654396745
391	-6.38844876848434	-18.5778510411663	-7.78937662284059	-1.41291119539547	-4.78962442702899	-17.9188699630075	-7.90663900137657	-1.55850728717379	-2.63768210869294	-5.9884067736964	0.412659307385508	-1.59882434145535	-0.658981078158843	0.117262378535983	0.145596091778323
392	-3.75616974467952	-14.7201626409823	-6.72246536811773	-1.22836910364823	-4.37274737129914	-14.5496356373921	-6.78884240028771	-1.20804751449428	-3.0197118050508	-4.97690678894125	-0.363311795018959	0.616577626619628	-0.170527003590197	0.0663770321699724	-0.0203215891539469
393	-4.6464594012039	-13.662416388649	-6.84075725841912	-1.45392068485558	-4.42990117388797	-14.0037195172322	-6.7028212210848	-1.13646002359842	-3.30795990085933	-4.84252790506608	1.73859577444574	-0.216558227315923	0.341303128583168	-0.137936037334319	-0.317460661257162
394	-3.065020993432	-7.19543883793131	-4.29350633910629	-0.264688333018925	-3.24267237914935	-6.83640562504654	-4.09585976623026	-0.426593693540453	-3.57535389126865	-2.61967934011374	0.288701037634041	0.17765138571735	-0.359033212884775	-0.197646572876039	0.161905360521528
395	-2.51571967675579	-5.6572185988713	-2.9656375814197	-0.52981501342048	-2.95580124748667	-5.05451135099373	-3.4540550212657	-0.249126886889517	-3.6568801846131	-2.06901036846832	-0.105747047643257	0.440081570730872	-0.602707247877569	0.488417439846004	-0.280688126530964
396	-3.70442073098144	-5.54406793951008	-3.38393557471649	0.41490118152903	-2.91256540285944	-4.71892561364271	-3.34141234935371	-0.214423473247134	-3.69182096377262	-1.96785637926475	-0.250090867911199	-0.791855328121997	-0.825142325867366	-0.0425232253627836	0.629324654776163
397	-2.96295592775405	-5.06196083043722	-3.12419777594403	-0.476321672928821	-2.95624155931542	-4.87751864736958	-3.41237092422618	-0.228064682455381	-3.71749858001937	-2.02116160924947	0.776777856445163	-0.00671436843862576	-0.18444218306764	0.28817314828215	-0.24825699047344
398	-2.38452478079964	-0.837456968492154	-2.08496223822104	0.16721458916199	-2.39135606468855	-1.75792913721883	-2.24097289632633	0.0751915841811072	-3.74649908170312	-1.04226759187936	-0.0182971985173945	0.00683128388890864	0.92047216872668	0.156010658105295	0.0920230049808829
399	-2.99844398420474	-1.42529548401677	-1.93455321452073	-0.496924275146408	-2.31700587155998	-1.50571712331398	-2.12439652757875	0.0963046719906163	-3.69678483309102	-0.956338031208819	-0.406181061383074	-0.681438112644763	0.08042163929721	0.189843313058022	-0.593228947137025
400	-1.83318635238521	-1.96790046208065	-2.65436770407039	0.606417782409319	-2.47461553604548	-2.5142511184309	-2.48402423635708	-0.0047043501557999	-3.64200814034659	-1.26688528947101	0.333736163280633	0.641429183660263	0.546350656350248	-0.170343467713314	0.611122132565119
401	-1.95887023669785	-2.20873108897238	-1.321547082608	-0.13761717584059	-2.18909745056374	-1.06426325031962	-1.9220492779824	0.13352408629067	-3.6138142147987	-0.806460597243278	0.748305509000837	0.230227213865891	-1.14446783865276	0.600502195374394	-0.27114126213126
402	-1.33188488157844	1.13556474908886	-0.119635193593714	0.190591389980196	-1.66889914986017	1.54093193820413	-0.906851688190446	0.381023730834861	-3.55007544068672	0.0224909714818872	-1.73270705586724	0.337014268281726	-0.405367189115277	0.787216494596732	-0.190432340854665
403	-3.24491059008447	-3.98396546583618	-2.51209335481334	0.389836781386646	-2.63412813639628	-4.01952335731865	-2.9630338322094	-0.16445284790656	-3.42280025621445	-1.71246518153354	2.60502059216585	-0.610782453688189	0.0355578914824745	0.450940477396058	0.554289629293206
404	-1.16725152772739	4.50830130428212	1.06175882609855	1.02631820883902	-1.00013688753211	4.80015536752016	0.376912170073519	0.688524528802816	-3.43771833374206	1.06380192878566	-1.13848801818189	-0.167114640195281	-0.29185406323805	0.684846656025029	0.3377936800362
405	-2.12715692300206	-0.168008746330524	-1.04141932815296	-0.104941782980228	-1.63839501239909	0.762961574664736	-1.0682876628179	0.285053674790597	-3.2317714912105	-0.181066282274797	2.1302664281814	-0.48876191060297	-0.93097032099526	0.0268683346649422	-0.389995457770825
406	-1.03304042262672	6.85499187663315	1.74600196049363	0.96220539084039	-0.321162668509451	7.54182040477108	1.54558991317404	0.933376290841745	-3.13190316456362	1.96730677413408	-0.0249027586602546	-0.711877754117271	-0.686828528137927	0.200412047319595	0.028829099998645
407	-0.203806617708702	6.74734637471699	1.97016977732759	0.650142382772296	-0.32572800799837	6.72776752840046	1.34884397342469	0.837285990711528	-2.86506007533025	1.74567333806042	1.97158045752059	0.121921390289668	0.0195788463165263	0.621325803902899	-0.187143607939232
408	2.44873687916269	12.6934441958694	4.59482327643055	1.91368399543036	0.850130433268091	12.3332709917218	3.57634478340991	1.36310717507091	-2.62523938523698	3.54268646177497	-0.532604371812306	1.5986064458946	0.360173204147612	1.01847849302064	0.550576820359448
409	0.50144865930798	9.72745181656402	2.74749155568425	1.18361073710063	0.503098269700169	9.36301516442776	2.60653271792115	1.05171722411049	-2.25127662581301	2.65581344378516	-2.50222143692996	-0.00164961039218904	0.36443665213626	0.140958837763095	0.131893512990142
410	-0.647995926602523	-0.0709124944970168	-0.242132271399324	-0.796615341362563	-0.995373560778103	0.456190787216111	-0.650756891424417	0.172308334676843	-1.96091933105699	-0.111989337523315	1.0513112251937	0.34737763417558	-0.527103281713128	0.408624620025093	-0.968923676039406
411	0.34859881677686	3.71377050394861	0.40155424511279	-0.297521581401995	-0.338686968055578	3.8042087854914	0.644878927111782	0.49178294758368	-1.90049157810017	0.950520821422718	-0.122113513305952	0.687285784832438	-0.0904382815427828	-0.243324681998992	-0.789304528985675
412	-0.0913289821612668	3.32754336036259	1.34204566952329	1.3526871545477	-0.399475307750216	3.055761892837	0.42083345833166	0.410154383040938	-1.75787406901038	0.733355225974494	1.24263102851469	0.308146325588949	0.271781467525587	0.921212211191626	0.94253277150676
413	-0.382603400359898	6.47843585732675	1.7771175007367	-0.287799475912716	0.348722118316621	6.71797865583382	1.8608484536972	0.75606316769029	-1.63753316996419	1.90265073189174	-1.3309456319507	-0.731325518676518	-0.239542798507069	-0.0837309529605027	-1.04386264360301
414	0.0191908352992383	1.56608328205627	0.409153180348348	0.157369580335782	-0.45148935319012	1.80229398485599	0.0835820295632331	0.267535691376677	-1.42864537431924	0.381440026751863	1.36823921837155	0.470680188489358	-0.236210702799722	0.325571150785115	-0.110166111040894
415	0.479450898145577	5.02176228214096	1.15925579340484	0.382609217227239	0.37300836989193	5.9913622254109	1.70686273355644	0.666927181832254	-1.34787189033986	1.71153524244822	2.96978336861726	0.106442528253647	-0.969599943269941	-0.547606940151602	-0.284317964605015
416	1.33689733095867	15.0470340409941	5.04080429013603	2.37509552799078	2.11422909640731	14.7999073672109	5.1259375633043	1.50585423344849	-1.16439103744609	4.51016508682066	0.511905635911055	-0.777331765448635	0.247126673783267	-0.0851332731682701	0.869241294542287
417	1.85945750293339	14.6978403339916	5.03277383296376	1.63837231891125	2.33933683834243	14.8279971101687	5.30427111323843	1.482467137448	-0.765283577329669	4.57105421404965	0.148489257141333	-0.479879335409038	-0.130156776177092	-0.271497280274665	0.155905181463248
418	3.04317479835859	14.4626557114719	5.08764522688084	1.46235383885401	2.34163370762028	13.6868994060229	5.03511444079779	1.34674036658875	-0.375451560142209	4.26243804978602	-0.514622360935309	0.701541090738306	0.775756305448979	0.0525307860830569	0.115613472265255
419	2.68957589459875	11.2882287958535	4.35699812658024	0.980348438008861	1.95206995833162	10.5545115893059	3.99437645364831	1.02115324765835	-0.0238927859880808	3.32157188387211	0.798703454162906	0.737505936267133	0.733717206547547	0.362621672931921	-0.0408048096494866
420	3.55075357179066	11.6427162092436	5.2114832220109	2.08271606122142	2.35316061636088	11.9261319638834	4.6258805779884	1.13635998081376	0.240567323394269	3.7881181496478	0.232451047012687	1.19759295542978	-0.28341575463986	0.585602644022502	0.94635608040766
421	1.62115541425849	11.7110774757505	3.92727226076395	0.300036578092148	2.40507563932319	11.340567637258	4.52645147258522	1.06068791663102	0.532706439406498	3.64175738169571	1.51130670718073	-0.783920225064697	0.370509838492583	-0.599179211821273	-0.760651338538868
422	2.34659343293613	15.0880130259189	6.00767322591316	1.32913281296668	3.21118022342215	14.8703892964825	5.97919389902562	1.38400683780173	0.802902969352785	4.78888835070687	0.809812295477768	-0.864586790486019	0.217623729436395	0.0284793268875387	-0.054874024835049
423	4.38471940183723	15.589800200632	5.88739345584803	1.00453420663454	3.57343611945187	15.7753560663482	6.4702947207105	1.44842930062931	1.15459012753103	5.11981181111395	-0.0265700480580466	0.811283282385354	-0.185555865716112	-0.582901264862472	-0.443895093994773
424	4.10452943816312	14.0728040957413	5.97651601958681	0.942672734089595	3.42829706841071	13.9143734944852	5.91779697671213	1.24474995415071	1.52010927600146	4.58126058194451	2.07241635834731	0.676232369752404	0.158430601256045	0.058719042874678	-0.302077220061115
425	4.49956428460158	18.1116843645251	6.92496444111845	1.78239395431855	4.5293338081474	18.9108163800025	7.94364235980412	1.70715427582836	1.82996588146355	6.19555088209736	0.372065990663875	-0.0297695235458232	-0.799132015477429	-1.01867791868567	0.0752396784901902
426	4.75171949935138	17.3656230847084	6.28141064850866	0.967300160939908	4.58538510018574	17.948377646827	7.7578936986979	1.58625429925608	2.25698714392702	5.9480617845515	0.694261811732418	0.166334399165645	-0.582754562118567	-1.47648305018924	-0.618954138316174
427	4.36682306493756	18.2572962431347	8.51032517702416	1.67578286467657	4.83005670726181	18.1017243609085	7.98088372636201	1.5754135095501	2.64927190649952	6.04751741782877	1.65620410960517	-0.463233642324253	0.155571882226209	0.529441450662144	0.100369355126473
428	5.68520366595971	20.6830909376335	8.12778599804748	1.8969824957563	5.63462604678102	21.2797408923342	9.34893326401596	1.85715360861747	3.03558321785975	7.09896978565106	0.778349865046236	0.050577619178694	-0.596649954700693	-1.22114726596848	0.0398288871388264
429	6.15242441082174	21.4345562453748	9.34059515649405	1.42399727389555	5.8912123788941	21.3082491017259	9.55137139861204	1.83007950985897	3.49168715972161	7.16742267213219	-1.17562178026014	0.261212031927639	0.126307143648833	-0.210776242117993	-0.406082235963422
430	5.24234004891592	14.7816368651244	8.81114589049808	1.83676572818013	4.98368833462872	15.1163969680957	7.38929437380975	1.20280301959051	3.93710120827172	5.27505862465883	-1.13955622268722	0.258651714287204	-0.334760102971332	1.42185151668833	0.63396270858962
431	3.47672186440043	9.50219123103147	5.78274250305886	1.21915148650891	4.13071471717959	9.7084720877682	5.45492925180246	0.662107267311438	4.21658360226732	3.60799653950573	0.0505384974520483	-0.653992852779154	-0.206280856736736	0.327813251256398	0.557044219197475
432	3.88089749453986	8.83335758789736	6.21951669699861	1.30580534193454	4.01237629296873	8.66668747512362	5.11735533522886	0.552489521130066	4.35388081440484	3.29773538300721	-1.11448456807675	-0.131478798428869	0.166670112773733	1.10216136176974	0.753315820804471
433	3.67327276808672	3.68366735368858	4.07146701690161	-0.151693505769336	3.20976112001916	4.03713191640714	3.40618584539643	0.0982123626886344	4.46170098092281	1.85347727662974	0.24503391892628	0.463511648067553	-0.353464562718557	0.665281171505179	-0.24990586845797
434	3.26938544965669	5.0422456182814	3.54055046496459	-0.054097688599441	3.24001229111666	4.23100466152213	3.4752824334362	0.117635071159771	4.45108675430992	1.91316346789305	0.793793668528073	0.0293731585400289	0.811240956759272	0.0652680315283917	-0.171732759759212
435	3.97703658473099	5.80837033086725	4.7756147109136	0.248189210789622	3.59353138066869	6.14589931026896	4.19948784510848	0.302978232219896	4.44558470199022	2.51564078963181	-0.225795149519771	0.383505204062298	-0.337528979401704	0.576126865805115	-0.0547890214302737
436	3.4273205101844	3.89779135729449	2.74125543710159	0.20980590361587	3.33150509011322	4.61288469027616	3.63571608026528	0.152105495076027	4.48809256719719	2.03828156114886	-0.0499997416792946	0.0958154200711726	-0.715093332981674	-0.894460643163686	0.057700408539843
437	2.90602350887014	4.59603286807876	3.34619903671326	0.0770933909886058	3.18294493906193	3.8057943391791	3.33081421063814	0.0739346357881072	4.49121237027416	1.78445366335468	0.271710359967031	-0.276921430191782	0.790238528899664	0.0153848260751238	0.00315875520049855
438	3.38812967747955	4.10607442538068	3.52875593954986	0.849443573378513	3.22995458045829	4.10896535947109	3.43863915499862	0.104342287270166	4.47407691949679	1.87771865698624	1.93421214727546	0.158175097021269	-0.00289093409040535	0.09011678455124	0.745101286108347
439	3.89779233604062	9.47315705194979	6.08279129027259	0.736408442358407	4.25795569454557	9.65697162475799	5.53973512581991	0.640889715637171	4.46494913049614	3.62415893856308	-1.12692184678443	-0.360163358504953	-0.183814572808197	0.543056164452677	0.0955187267212362
440	3.48087518477468	5.25111253733495	2.96526407268755	-0.768387039402888	3.4391091603594	4.87520816002523	3.78005206313017	0.170471451385384	4.59474969285269	2.13482119792235	0.216612251118082	0.041766024415279	0.375904377309722	-0.814787990442623	-0.938858490788271
441	3.28909792041884	4.213164148208	3.42885203769767	0.542048754175522	3.44428175286747	4.88224268410394	3.78566669470456	0.170692470918549	4.601761154532	2.1379513292482	0.595532451029669	-0.155183832448623	-0.669078535895941	-0.356814657006896	0.371356283256973
442	3.24636187043295	6.29529538438194	4.54894455708107	0.245852371657219	3.67325050638668	6.09119869544153	4.24729431422188	0.287021903917596	4.6087731927713	2.51968864735305	-0.244552301478904	-0.42688863595373	0.204096688940409	0.301650242859188	-0.041169532260377
443	3.32841816710653	4.82156692642358	3.71306501333695	0.810030304470635	3.39731638066644	4.49960767035081	3.65900994654407	0.130846782938816	4.64583383033806	2.02316748113884	0.137128100408647	-0.068898213559908	0.32195925607277	0.0540550667928839	0.679183521531819
444	4.02428386287519	4.37244296856896	3.85751304939591	0.407295622537738	3.35705094613869	4.29417382583611	3.57953186525025	0.111240459555778	4.64217817633838	1.9579788334336	-0.779065077458352	0.6672329167365	0.0782691427328565	0.277981184145662	0.296055162981959
445	3.04372481883783	2.00604626882558	1.86151123305507	-0.586372743465084	2.77668388945137	1.20298719930623	2.40307089801006	-0.186806495720653	4.63347806757582	0.98311587263189	-1.3401950718929	0.267040929386459	0.803059069519345	-0.54155966495499	-0.399566247744431
446	1.74715638792469	-3.13499479014797	0.0203995382566127	-0.846086325929301	1.88573990078645	-3.32817759970936	0.647901767755022	-0.618919066515713	4.54771579586908	-0.455390786524195	0.313648672868832	-0.138583512861756	0.193182809561385	-0.627502229498409	-0.227167259413588
447	1.6779456719783	-2.25112426631325	0.755569469232688	-0.791515133704072	2.00475763101021	-2.106400106974	1.02872586248029	-0.488015884264958	4.35081846097962	-0.096203035002943	-1.20471457367285	-0.326811959031905	-0.144724159339245	-0.273156393247603	-0.303499249439115
448	1.71537083803296	-6.75394130970792	-0.253889349852777	-0.928602726468213	1.22184029583752	-5.83350853181481	-0.453172107291624	-0.837506201564572	4.18938799678078	-1.2912973051755	0.619603015464071	0.493530542195437	-0.920432777893106	0.199282757438847	-0.091096524903641
449	2.00452518461757	-3.19421109127265	0.406321480890109	-0.103939249194125	1.54568549557212	-3.35286780736834	0.38271820520606	-0.581483645183031	3.93881558356589	-0.542564559193881	0.121607182261872	0.458839689045451	0.158656716095688	0.0236032756840482	0.477544395988906
450	1.46568418864149	-2.44791465429399	0.387410174565137	-0.812077219480694	1.56326042939304	-2.71911454909648	0.546580153180811	-0.508340138106116	3.75652349879253	-0.366700921012621	-0.056301570708612	-0.0975762407515516	0.271199894802487	-0.159169978615674	-0.303737081374578
451	1.25429489858916	-2.10101048559218	1.12685658629667	-1.41832527893835	1.47494461242994	-2.71442261447667	0.480345368152724	-0.49729962213861	3.59463254759531	-0.386332399619971	-0.566119571618202	-0.220649713840783	0.613412128884493	0.646511218143949	-0.921025656799744
452	1.80213537626969	-3.94779594526585	-0.645793525260917	-0.414018950136178	1.08840758063382	-4.3236843595734	-0.196478802959421	-0.64244319179662	3.43690616854351	-0.913818731276176	-1.76115830796121	0.713727795635875	0.375888414307557	-0.449314722301495	0.228424241660443
453	-0.499451775717387	-9.24287350022613	-2.72647547056202	-0.531399558813562	0.0094641570270011	-9.54422488074734	-2.25867912500786	-1.13407164101743	3.24289140534058	-2.58359516610977	-0.582575512941222	-0.508915932744388	0.301351380521208	-0.467796345554157	0.602672082203868
454	-0.304297809598089	-10.4460206180296	-2.5352939592215	-1.97125674442669	-0.333659439176485	-10.4411482544599	-2.73328027497758	-1.19981041790055	2.92321349818839	-2.90781116244001	-0.552577136630951	0.0293616295783965	-0.00487236356967607	0.197986315756082	-0.771446326526145
455	-0.713964399248518	-11.6896187727551	-3.09071171992508	-0.706315719684811	-0.646724548130605	-11.1339402568243	-3.13649627298905	-1.24488586242922	2.58910445437218	-3.16960718282696	-1.63169816462135	-0.0672398511179129	-0.555678515930807	0.0457845530639679	0.538570142744412
456	-1.46903664282611	-14.9781308820909	-4.8596769957306	-1.21107105133512	-1.58643563854499	-15.1656753137554	-4.81028495617979	-1.6119246588174	2.24602833659227	-4.48434462916561	-0.433322655710256	0.117398995718877	0.187544431664515	-0.0493920395508112	0.400853607482277
457	-1.88961465403762	-14.9392109307042	-4.5203672665675	-1.66579568477256	-1.78376521771804	-14.9375148061358	-4.90659875141316	-1.56141676684756	1.81073574533357	-4.46923282195931	1.97620108240432	-0.105849436319581	-0.00169612456844368	0.386231484845654	-0.104378917925003
458	-0.872163208256643	-6.86689749504225	-3.42861013494205	-0.721814958500224	-0.549851684719732	-7.07177301425871	-2.0982221029053	-0.774185209092785	1.39202948154684	-2.04610845735906	-1.07659686397677	-0.322311523536912	0.204875519216459	-1.33038803203675	0.0523702505925609
459	-1.69065138568991	-9.0876797065852	-3.30583440500657	-0.500193967450191	-1.16554908439893	-9.75238061652427	-3.20414996162456	-1.01930043861281	1.1804344191517	-2.91809447559992	-0.454310792669122	-0.525102301290982	0.664700909939074	-0.101684443382007	0.519106471162624
460	-0.727599561798733	-10.2517452926061	-3.17423595045671	-0.864197903502962	-1.39111625573655	-10.1551160655386	-3.47177858156539	-1.04033116291442	0.907114043259802	-3.08059582070905	1.56169473047236	0.663516693937822	-0.096629227067533	0.29754263110868	0.176133259411458
461	-1.13641276148017	-3.85186386093879	-1.92993640127783	-0.117802208543398	-0.416943850064538	-4.10493839471476	-1.29251119194648	-0.437783670940973	0.630558290539842	-1.21084150816578	0.456436396695628	-0.719468911415627	0.253074533775967	-0.637425209331349	0.319981462397575
462	-0.512254068844026	-2.78133445007145	-0.0412185276371274	0.0170601247874084	-0.131667211918372	-2.22254299716162	-0.628062398316941	-0.248197593199284	0.512170873408477	-0.633320960653577	-0.865025914225102	-0.380586856925653	-0.558791452909829	0.586843870679813	0.265257717986693
463	0.710435171772919	-4.41120183516331	-1.75903503243018	-1.07989831714697	-0.637946844869845	-4.73928988867822	-1.61164723246295	-0.486850193796551	0.443803026644224	-1.43501477881332	0.305715064963009	1.34838201664276	0.328088053514912	-0.147387799967236	-0.593048123350422
464	-0.249701002058767	-3.09704363987892	-0.490550282994802	-0.0577567281078475	-0.433813410201882	-3.25957481461134	-1.10467779697195	-0.335432193385033	0.314225703761163	-0.98579823596898	0.688868790437796	0.184112408143115	0.162531174732429	0.614127513977146	0.277675465277185
465	-0.26160686681749	-0.766984170130496	-1.41888300933436	-0.516602459289378	-0.0106859732542917	-0.722766283481775	-0.179741100873358	-0.0845275638095332	0.224880690801851	-0.198349621934286	0.2263837910561	-0.250920893563198	-0.0442178866487215	-1.239141908461	-0.432074895479845
466	0.42477193917482	0.415941816239833	-1.43445749538625	1.0016995220964	0.123628700177999	0.06868356619518	0.110584105106245	-0.00652229753587734	0.20118951644476	0.0478691313152428	-0.833140447495782	0.30114323899682	0.347258250044653	-1.5450416004925	1.00822181963228
467	-1.29637689379277	-2.85973451278254	-0.922768823356209	0.271778264266473	-0.373242463234103	-2.59001909223096	-0.899527678506783	-0.26314260763634	0.19787686768852	-0.790058229312063	-0.184569734957013	-0.923134430558671	-0.269715420551582	-0.0232411448494263	0.534920871902814
468	-0.279760959062092	-2.16681335069643	-0.264631318069099	-1.46437089645047	-0.468667544319148	-2.89629017193083	-1.04500970550196	-0.288171080591408	0.128179468690533	-0.89562214133787	0.329207660770222	0.188906585257057	0.729476821234401	0.780378387432865	-1.17619981585907
469	0.176498307817944	-1.9053817676431	-0.676636974660948	-0.0718607200770552	-0.256959785122454	-1.53556944405955	-0.560514643252064	-0.151777429064805	0.0525677276749994	-0.476852266433861	0.884255633472287	0.433458092940397	-0.369812323583544	-0.116122331408884	0.0799167089877502
470	0.32541294377111	0.980527365747482	0.244341841423698	-0.398406426749353	0.275099998687735	1.43939356215731	0.551515040369668	0.138207520840967	0.0128642983816355	0.455088593681812	0.784629871862967	0.0503129450833755	-0.458866196409826	-0.30717319894597	-0.53661394759032
471	0.0702116043736948	3.59077873876073	0.744849120876118	0.708349540288762	0.728895657912687	3.77103547193619	1.45113034529657	0.36111734369194	0.0485275299760274	1.1942096061766	-0.0155564729931616	-0.658684053538992	-0.180256733175455	-0.706281224420449	0.347232196596822
472	0.577842251682213	3.50705730072632	1.53305859054697	-0.2403975014516	0.693207584001382	3.30401502436546	1.31303958111049	0.309915998554553	0.141590228525031	1.05923217256578	2.40815170406567	-0.115365332319169	0.203042276360854	0.220019009436477	-0.550313500006153
473	2.35613902799354	11.0165920004055	4.70008580283952	1.0856587256537	2.09152467670773	10.5799146395632	4.10675407491897	1.00761469910562	0.220650848421042	3.36146065937487	-0.0610134868084288	0.264614351285818	0.436677360842334	0.593331727920552	0.0780440265480772
474	1.39752382666291	8.56572085194356	3.2988176805247	0.997644927443566	1.97948015487407	9.21189292697879	3.6965278041062	0.858523824616065	0.479632443199596	2.96430110662896	-0.682477290649929	-0.581956328211158	-0.646172075035223	-0.397710123581495	0.139121102827501
475	1.84774476149985	6.38731529891994	2.79407574738353	0.931670807529332	1.50428888930769	6.01389884392178	2.57491559096739	0.535313350829854	0.697938955294076	1.98539370531613	1.22078018472596	0.343455872192167	0.373416454998162	0.21916015641614	0.396357456699478
476	2.00813191263309	9.26831864520425	3.32322534266149	0.225621078772174	2.17151244969593	9.2040792391744	3.84111453067264	0.834801040488353	0.830837952509769	3.00763451951048	-0.907252324816031	-0.163380537062839	0.0642394060298532	-0.517889188011151	-0.60917996171618
477	1.6061672290759	4.73387719740888	2.24126887006873	0.510988992557537	1.55664150266196	5.28247586674083	2.44119185512231	0.442275176230177	1.04016898467638	1.7996187427434	1.65546871242803	0.0495257264139359	-0.548598669331952	-0.199922985053582	0.0687138163273603
478	3.90191765709808	9.66567461019069	4.8291371170118	1.4034953904022	2.47907333291047	9.9226998207432	4.2462650332544	0.883595850171964	1.146226656728	3.27512558089709	-0.197797119996578	1.42284432418761	-0.257025210552503	0.582872083757399	0.519899540230236
479	2.50362285959657	9.06699422755878	4.02928402535298	-0.0724830283454431	2.27252884638132	8.16423396041849	3.67127867393973	0.699374913779208	1.36563848582838	2.7498159028108	-0.785504339124751	0.231094013215254	0.902760267140291	0.358005351413248	-0.771857942124651
480	1.88562032897151	3.74303675988022	1.52270161930959	0.321445062141337	1.72620971047274	4.72727240885406	2.43869179121765	0.356241040372458	1.53560337269313	1.68932997340497	0.086179319990002	0.159410618498771	-0.984235648973846	-0.91599017190806	-0.0347959782311203
481	2.50486878782833	4.45610348842047	2.7823157526307	0.917570929716968	1.71510284716416	4.43153429591585	2.36001056979821	0.322453861317024	1.61539509859715	1.60657629605448	2.42466529552348	0.789765940664169	0.0245691925046176	0.422305182832489	0.595117068399944
482	3.02975826927313	11.5014385234887	5.09057312675379	1.1415612612534	3.08672533122324	11.5896821334757	5.1054125666122	1.00934361769448	1.68579857853012	3.87058396197251	-0.665964112092978	-0.0569670619501095	-0.088243609987078	-0.0148394398584112	0.13221764355892
483	2.02696606630286	8.60525841514982	3.3040453426688	1.09976964931557	2.58160365546822	8.14427848384198	3.90223818649119	0.660317265511487	1.93339566740376	2.81756145368228	0.391291982995432	-0.554637589165359	0.460979931307833	-0.598192843822394	0.439452383804085
484	2.92681633784672	8.81774936852654	4.61231765703892	0.429611086598694	2.71992588044637	8.42773566924914	4.0750168656484	0.677545492601016	2.08866773781472	2.92709729130948	-0.434869069440223	0.206890457400354	0.3900136992774	0.537300791390518	-0.247934406002322
485	1.71261275223815	4.91206801524998	2.41771369534215	0.981363394001756	2.36494553983618	6.05237247375961	3.24037718723967	0.437715823701746	2.24714443610058	2.19951849273831	0.0392421647855456	-0.652332787598029	-1.14030445850963	-0.822663491897518	0.54364757030001
486	1.5418957634397	6.15641183114672	3.21744640225179	0.46182024489586	2.30320490726684	5.43931494698474	3.04774832726265	0.372271709997903	2.34227513704205	2.01880880825003	-0.999991148243741	-0.761309143827135	0.717096884161972	0.16969807498914	0.0895485348979572
487	1.80589526356791	1.28001820734622	1.93575110400845	-0.889845075266663	1.62946270412498	1.59181673722397	1.62052438285474	-0.00446916063512176	2.41970113229062	0.816936779181283	0.750105123166131	0.176432559442921	-0.311798529877747	0.315226721153707	-0.885375914631541
488	1.72446721005009	4.79595626098962	2.82314107025895	0.482797067855	2.01475552265611	3.72231494748761	2.42014658652285	0.202695531933373	2.39900402241395	1.48534822442929	0.734698765127189	-0.290288312606012	1.07364131350202	0.402994483736099	0.280101535921628
489	2.52433173203115	5.16715379551284	3.43314503847803	0.758195968595162	2.37691503805969	5.56944938699269	3.13485412941087	0.378969545675592	2.43208679554079	2.07151216711355	0.729050065683477	0.147416693971467	-0.402295591479852	0.298290909067154	0.379226422919569
490	2.14983606242874	7.60357993300622	3.82041508221936	0.942351888481565	2.72257684305753	7.19379575475097	3.78408853276329	0.53075584485288	2.51052086032709	2.59341101608567	-0.973884181131628	-0.572740780628786	0.409784178255259	0.0363265494560719	0.411596043628685
491	1.8057533099931	3.44070662420593	2.11450821773724	0.259100074581907	2.04909246394934	3.23034857908141	2.32953373438738	0.14022063521902	2.62760273268769	1.36018573334547	-0.0390466179602889	-0.243339153956246	0.210358045124528	-0.215025516650143	0.118879439362887
492	1.33067561198643	2.74430686997909	1.99289768384104	0.632556536784746	1.95275112106178	2.66835119711927	2.12264094196883	0.0849449104535279	2.64267137884753	1.18512054205064	-1.52815636852802	-0.622075509075343	0.0759556728598139	-0.129743258127792	0.547611626331219
493	0.805067116309312	-2.79607053978287	-0.540272903332277	-0.766767690680333	0.979704493327491	-2.55940790706356	0.139482619464743	-0.420110936931374	2.64331337430432	-0.461547880682449	-0.573400562388977	-0.174637377018179	-0.236662632719309	-0.679755522797019	-0.346656753748958
494	0.956699801262782	-4.77065613737486	0.144864871053262	-1.33627596082617	0.606415488551312	-4.17935498819062	-0.529775555645364	-0.568095522098338	2.51324534227013	-0.988793655003181	-1.64731651101521	0.35028431271147	-0.591301149184237	0.674640426698626	-0.76818043872783
495	0.430380193007634	-9.27723392035493	-2.19089487770415	-0.701336586532401	-0.388152296487146	-9.0257454944866	-2.43880488552923	-1.02532629452104	2.34593033400861	-2.53723080051807	-0.0169434731467434	0.81853248949478	-0.25148842586833	0.247910007825083	0.323989707988643
496	-0.475147436625935	-7.607071824464	-1.44766464494686	-0.933422138528415	-0.382902077920598	-8.15638694169273	-2.2284065323111	-0.922752227195252	2.06163843829623	-2.30045119361301	-1.02657118810317	-0.0922453587053366	0.549315117228724	0.780741887364241	-0.0106699113331627
497	-1.20802918870852	-11.1020205253705	-3.50257107556544	-1.08302065353425	-0.974775710395982	-10.5792865646149	-3.25498413643608	-1.14010421302005	1.8061878037965	-3.09697726235488	-0.806722982435416	-0.233253478312543	-0.522733960755663	-0.247586939129358	0.0570835594857991
498	-2.26592148222165	-12.1770467587871	-4.55620942355804	-0.999167794238461	-1.41528947519207	-12.0289645240464	-3.93508356794307	-1.2598970463755	1.49655094458622	-3.59400251855481	1.02719925495401	-0.85063200702958	-0.148082234740608	-0.621125855614976	0.260729252137034
499	-0.0810242674059048	-7.91704137272377	-2.19506857707944	-1.06983718641721	-0.755891908070572	-7.48711261247885	-2.35395203464748	-0.799030063288456	1.1584130578704	-2.20740301174531	-0.236114227271847	0.674867640664667	-0.429928760244923	0.158883457568049	-0.270807123128751
500	-0.803894687748128	-7.20264204402844	-2.6798350121126	-0.748402466150489	-0.867395956813078	-7.44644940568586	-2.42932997030157	-0.780967006744246	0.942274916111673	-2.22277693784263	-0.334145740008716	0.0635012690649494	0.243807361657419	-0.250505041811032	0.0325645405937563
501	-1.37913198725968	-7.15242498328232	-2.53197357019644	-1.77707599456757	-1.032895865041	-7.71477278206031	-2.61924113954675	-0.793172637252876	0.732556808066734	-2.33464498406708	-1.64427171677385	-0.346236122218674	0.562347798777993	0.0872675693503131	-0.983903357314696
502	-2.02178938750385	-12.4244457029296	-4.7141829172012	-1.02249016175521	-1.96689701398789	-12.1060860211278	-4.37404301250061	-1.20357299925636	0.521373568313558	-3.74545220243422	0.954589197472569	-0.0548923735159638	-0.318359681801842	-0.340139904700586	0.181082837501157
503	-1.34084899215198	-7.57723480291002	-3.28565066117302	-0.696965823430358	-1.33082870642987	-7.75595569647895	-2.85621878457365	-0.762695039071887	0.205687078577525	-2.41631778471823	-1.27549405095015	-0.010020285722105	0.178720893568928	-0.429431876599371	0.0657292156415286
504	-2.66059074162076	-11.1283397051493	-4.08617008859632	-1.44290173355566	-2.03626298878721	-10.9556503175389	-4.15381558680067	-1.05877629900673	0.00664600920111266	-3.45018005719655	0.273046280444806	-0.624327752833552	-0.172689387610396	0.0676454982043509	-0.384125434548932
505	-2.6886568611693	-8.87238509273275	-3.03030161324395	-0.324126221703741	-1.8007846240575	-8.88010660863574	-3.48148704400308	-0.840351209972794	-0.267411398967388	-2.83211577103209	-0.88041085822477	-0.887872237111801	0.00772151590298781	0.451185430759132	0.516224988269053
506	-2.59253212087248	-10.1859743483164	-3.55473049833717	-0.910076709973882	-2.25581853744636	-10.6868387784884	-4.25742769911185	-1.00080458083274	-0.482728779209097	-3.42931505215365	0.618484750120812	-0.33671358342612	0.50086443017203	0.702697200774677	0.0907278708588609
507	-1.89946620499782	-8.05846481984944	-2.67104582715618	-0.787799919894662	-1.80840214043823	-7.52914029130263	-3.16656288960264	-0.679080374582205	-0.73783152919108	-2.46789879681748	0.0532560297730439	-0.0910640645595899	-0.529324528546811	0.495517062446463	-0.108719545312457
508	-0.937182589058203	-6.56686795847222	-1.97720622636338	-0.789748619186251	-1.71149515005857	-6.5063376962821	-2.84983888013668	-0.569171865039053	-0.907614248243869	-2.16785288736268	-1.20990995216683	0.774312561000367	-0.0605302621901266	0.872632653773298	-0.220576754147199
509	-2.24823790202892	-9.31949797608803	-4.15989624418568	-0.732226964632577	-2.36485773167815	-9.60116010999337	-4.08282862757321	-0.858985447947529	-1.04758233444482	-3.16097755079324	0.905022476523295	0.116619829649229	0.28166213390534	-0.077067616612473	0.126758483314953
510	-1.68837885824579	-5.78912987452889	-2.12972454434039	-0.221590458276187	-1.74437699948029	-5.63608926603621	-2.66830836846256	-0.461965684491133	-1.26142177883354	-1.93985731919062	0.760669852680584	0.0559981412345043	-0.153040608492673	0.538583824122173	0.240375226214946
511	-1.4363558887666	-2.3005193636934	-1.22138715421467	-0.545896730264685	-1.23190021733683	-2.56017968780086	-1.54724672622486	-0.157673254444015	-1.3707884660136	-0.985201734590978	-0.721310581818984	-0.204455671429772	0.259660324107463	0.325859572010185	-0.38822347582067
512	-2.34045022005732	-4.48424027800153	-1.2546795109337	0.109635859762215	-1.61412331350797	-4.52497393686605	-2.30518818095146	-0.345532433721744	-1.40052324655829	-1.60799214295086	-0.44530288072058	-0.726326906549348	0.0407336588645188	1.05050867001776	0.455168293483959
513	-2.13902013708492	-5.8953665336467	-2.62557875424666	-0.0957729856650192	-1.81930712966651	-5.39582209337618	-2.66840740613927	-0.424550138236378	-1.47863451381598	-1.89249580937636	0.0318018012772264	-0.319713007418406	-0.499544440270511	0.0428286518926151	0.328777152571359
514	-1.11954096101813	-3.86462586433243	-3.07935089630374	0.185692374595049	-1.735046687013	-4.65353768391272	-2.42792539888824	-0.34643935593762	-1.57656420330499	-1.6714444271615	0.670071437866044	0.615505725994869	0.788911819580284	-0.651425497415504	0.532131730532669
515	-1.35484355040191	-2.07515091685873	-1.1234630035038	0.247322386225766	-1.27661616008082	-1.96388006363572	-1.43977900998863	-0.0815814249539037	-1.65348854032018	-0.834228546579302	-1.26071705434666	-0.0782273903210876	-0.111270853223004	0.316316006484826	0.328903811179669
516	-2.62471242207285	-5.92934121125964	-2.63272017054274	-0.379041901940331	-1.97619538442367	-5.69809165540784	-2.85981059139175	-0.441807603484041	-1.66124832840307	-2.01152274626803	-0.555451490661032	-0.648517037649186	-0.231249555851803	0.227090420849007	0.06276570154371
517	-3.48378947259675	-7.42721481059546	-2.22033646138193	0.600034375442563	-2.23344393693083	-6.78106992052275	-3.31309568077707	-0.539825871923122	-1.76216941157819	-2.36582196230226	1.19363324607788	-1.25034553566592	-0.646144890072712	1.09275921939514	1.13986024736569
518	-1.39060499816953	-2.24936589471531	-0.977616962675651	0.717931013423081	-1.44749394291139	-2.18878694817984	-1.62348377068644	-0.0879949138875224	-1.8876419243018	-0.935606519994153	-2.25871633317577	0.0568889447418567	-0.0605789465354653	0.645866808010784	0.805925927310603
519	-3.13932159192187	-8.8965005864557	-4.57880137652994	-0.68623118513799	-2.73089163132793	-9.05914715664702	-4.23328276104117	-0.751195564856622	-1.89517054989875	-3.10076220117051	-0.578851916330278	-0.408429960593943	0.16264657019132	-0.345518615488768	0.0649643797186316
520	-2.76283250599059	-9.14089800769164	-4.44594086297811	-0.3330464443071	-2.97463155567659	-9.83826205563528	-4.60412605077103	-0.814747247547221	-2.07426996506746	-3.36953789738373	0.713867417157112	0.211799049686005	0.697364047943635	0.158185187792918	0.48170080324012
521	-2.26022977703286	-6.5590713857102	-3.32803612106325	-0.0694786587920924	-2.44546153165761	-6.4219915104039	-3.38952915356939	-0.472033810955893	-2.26836976733165	-2.31871669048825	-0.254948364306737	0.185231754624746	-0.137079875306295	0.0614930325061447	0.402555152163801
522	-1.78944577535243	-6.45632171896612	-3.78514894635784	-0.29497418994239	-2.50830679848019	-6.45226633533976	-3.44464183483338	-0.468167518176594	-2.37221031090846	-2.34179338574616	-1.56131122507161	0.718861023127756	-0.00405538362635629	-0.340507111524468	0.173193328234204
523	-2.47640977056619	-11.0999230400033	-5.3628513297992	-0.349439242034992	-3.34111167924495	-10.6231400589957	-5.06993792450188	-0.864413122628464	-2.47421171151924	-3.66892527224315	0.644905121955409	0.86470190867876	-0.476782981007562	-0.292913405297325	0.514973880593473
524	-3.21234227872159	-8.22830449096512	-4.03673502704291	-0.0810802421572059	-2.83956862685662	-7.32676966967919	-3.90487458126991	-0.532652977206646	-2.67793492020615	-2.65712762306343	1.0886028643772	-0.37277365186497	-0.90153482128593	-0.131860445772999	0.45157273504944
525	-2.52479077114116	-3.18228799192608	-2.39517035649941	-0.0818963847548975	-2.09409938390197	-2.97926698236556	-2.30424619709034	-0.105073406594187	-2.79415578894298	-1.30281199637989	-1.39785982648634	-0.430691387239197	-0.203021009560527	-0.0909241594090742	0.0231770218392896
526	-2.90858366232473	-7.41321091952647	-3.87383831148975	-1.5600507730348	-2.84556192083089	-7.00139088389868	-3.83219675881618	-0.493317418992646	-2.79878356877854	-2.57039062322824	0.857728332003447	-0.0630217414938366	-0.411820035627795	-0.0416415526735737	-1.06673335404215
527	-1.41644809179794	-3.73757342458488	-3.15366937726718	-0.649196431357326	-2.23640429290043	-3.41897290248252	-2.51715707273101	-0.140376389915288	-2.90384875165655	-1.45562322890197	-1.65345679149115	0.819956201102494	-0.318600522102364	-0.636512304536173	-0.508820041442039
528	-3.10966035744136	-8.82147980083596	-3.81761667939737	-0.34331169494021	-3.13382766634402	-8.20058535223899	-4.33672614079596	-0.601449237225968	-2.9167268554272	-2.96351769750291	0.282872125900777	0.024167308902664	-0.620894448596967	0.519109461398583	0.258137542285758
529	-2.25024440847909	-6.18462277565673	-4.76552332942396	-0.603762433641615	-2.85404016778854	-6.30710774975835	-3.67383227780724	-0.409896055009348	-3.04882331784749	-2.38429380185184	0.729315526612129	0.603795759309457	0.122484974101613	-1.09169105161672	-0.193866378632266
530	-2.23569920958565	-3.48095406555534	-3.22449966134755	0.47822833688844	-2.32060136932546	-3.20119797128673	-2.5296628722417	-0.104530751458119	-3.13028042864526	-1.41654889505453	1.49320850734604	0.0849021597398131	-0.27975609426861	-0.69483678910585	0.582759088346559
531	-1.83054376603831	2.04717877521493	-0.914667354383055	0.888260167849079	-1.35506862350261	1.98955318979382	-0.561020619158893	0.39702400217186	-3.1320533672113	0.218314501796967	0.183836911822794	-0.475475142535694	0.0576255854211057	-0.353646735224161	0.491236165677219
532	-2.09504755000582	2.01829609926526	-0.328563494662341	-0.00109270668030059	-1.19863520541652	2.45085228318484	-0.332209053774731	0.433213075820893	-3.00401320328617	0.380319963440064	-0.762216930941902	-0.896412344589302	-0.432556183919572	0.00364555911238943	-0.434305782501194
533	-2.51587285112327	-0.50737403751575	-1.91378376542157	0.03866114092311	-1.60704550889161	-0.146058353447961	-1.26019147438516	0.173427017253223	-2.8676415661244	-0.419928963845844	-0.0638975366066967	-0.908827342231665	-0.361315684067789	-0.653592291036405	-0.134765876330113
534	-1.7082774215549	-0.132544661412003	-2.27249689080947	0.734939324045417	-1.58775303911272	-0.243761130352213	-1.26867487944932	0.159539079831702	-2.79960198580749	-0.441833604067956	-0.805198937933842	-0.120524382442184	0.11121646894021	-1.00382201136016	0.575400244213714
535	-1.11411609321324	-2.72086802451695	-1.69956718103193	-0.682337885191271	-2.00731476155312	-2.68612121138176	-2.1684693738265	-0.0805773061366878	-2.7357059644211	-1.202849181595	-0.323670946785689	0.893198668339877	-0.0347468131351835	0.46890219279457	-0.601760579054583
536	-1.51934602057007	-3.36630108634042	-3.22293782719485	0.502924562701483	-2.12694948678243	-3.33230113307284	-2.41311124473813	-0.143080878977849	-2.73446634559512	-1.40623521022119	-1.48112608314103	0.607603466212359	-0.0339999532675795	-0.809826582456716	0.646005441679331
537	-3.42761390570406	-6.85920258868117	-3.36185816253173	-0.679955331076645	-2.92640678800638	-7.58165735278884	-4.03160937214799	-0.552601292070801	-2.74941221528206	-2.7467377723401	0.666152510782324	-0.501207117697675	0.722454764107668	0.66975120961626	-0.127354039005844
538	-2.19957177531811	-4.13781870556455	-2.39009647565177	-0.615219588250626	-2.4275250944235	-4.54491480176096	-2.93021385113376	-0.251344378355132	-2.87021834371973	-1.80591148432376	0.391682303822578	0.227953319105388	0.40709609619641	0.54011737548199	-0.363875209895495
539	-2.35412003093297	-2.38701142862787	-1.93152063276005	0.0912417755814047	-2.10909123317476	-2.71085176449086	-2.25195430910121	-0.071431537963225	-2.91208575517076	-1.23363803206881	0.286777603384489	-0.245028797758203	0.323840335862997	0.320433676341167	0.16267331354463
540	-3.05943729783819	-0.731350826471804	-1.69721428483864	0.556899576265271	-1.86427151523878	-1.41090438158891	-1.75663663329865	0.0538174409700604	-2.90705490540377	-0.82349662547744	-0.955985638945717	-1.19516578259942	0.679553555117101	0.0594223484600156	0.50308213529521
541	-1.90594437894673	-4.35994157786284	-3.01933504188041	-0.0343607259607034	-2.36295679121077	-4.1998214869377	-2.79904607836193	-0.218044643575584	-2.86965114230839	-1.69713260187541	-0.563389867233535	0.457012412264035	-0.160120090925138	-0.220288963518475	0.183683917614881
542	-2.21851144187656	-5.90532950987337	-2.97568958771626	-1.20568370359198	-2.61141770068047	-5.4358170090477	-3.28195766350394	-0.335269981411738	-2.90290540092413	-2.09080920892141	0.0868236362679784	0.392906258803901	-0.469512500825671	0.306268075787683	-0.870413722180245
543	-2.66207397003251	-4.94729774328237	-3.00977451868184	-0.222491918841622	-2.46651292757777	-4.47022994739827	-2.94221460941665	-0.237850840919442	-2.96622819112722	-1.79490465176129	1.35080292800447	-0.195561042454737	-0.477067795884102	-0.0675599092651823	0.0153589220778205
544	-1.23796707122264	0.864908473692945	-0.527685276647156	0.888589604735409	-1.57976841359319	0.403384978898369	-1.10894679859144	0.235410807500876	-3.00382823503399	-0.264611258580691	-0.712961883941764	0.341801342370544	0.461523494794576	0.581261521944282	0.653178797234534
545	-1.11381006217452	-2.15900954844259	-1.13042100042417	0.2888255360942	-1.94519868192038	-1.81123178303231	-1.91339263637923	0.0159030227705761	-2.91864790468568	-0.951112016664386	1.16834804463134	0.831388619745865	-0.347777765410288	0.782971635955057	0.272922513323623
546	-1.02196593756275	1.79206769697762	-0.0453718036197829	0.191162810474763	-1.18524533135957	2.188270219147	-0.384337740692294	0.400453795333639	-2.89096250164435	0.312347229633396	-0.13454679828454	0.163279393796822	-0.396202522169382	0.338965937072511	-0.209290984858876
547	-0.824329676331818	0.942521101667895	-1.26770141373084	0.843101159305591	-1.22306978840232	1.60941929168179	-0.550607385032847	0.336231201684736	-2.76398168362457	0.146565708385517	0.0708111109808404	0.3987401120705	-0.666898190013892	-0.717094028697992	0.506869957620855
548	-0.507616885810253	1.45453185855485	-1.00979937753406	0.639374607107552	-1.13806855955151	1.74242822951539	-0.454208677053487	0.341929941249013	-2.65464665924191	0.202720248527806	-0.0402091625388233	0.630451673741261	-0.287896370960548	-0.555590700480568	0.297444665858539
549	-0.879348448616154	0.30137055235215	-0.458702243939521	0.158556292481411	-1.12173062717768	1.50492182713298	-0.498135988218342	0.31179731947967	-2.54471978702297	0.142239061136202	-0.523153212062392	0.242382178561528	-1.20355127478083	0.0394337442788211	-0.15324102699826
550	-1.69300659353632	-0.539116453502587	-1.57125084550114	-1.3044389745225	-1.39140312335988	-0.242937093065249	-1.11874489721431	0.136329113072781	-2.44347874666907	-0.39513805703981	0.75419412937056	-0.301603470176447	-0.296179360437338	-0.452505948286827	-1.44076808759529
551	-1.64128290947082	1.51096985793888	-0.462931713762635	0.320662476247292	-0.896171872242171	2.25398584648351	-0.148291849491309	0.373940011375431	-2.38846520532898	0.39856987803473	-0.214531716927115	-0.745111037228652	-0.743015988544624	-0.314639864271327	-0.0532775351281394
552	-1.18542913416148	1.61464524088743	-0.756759461460996	0.364154529791344	-0.991546506806885	1.39836372103388	-0.424156951157177	0.283694777824854	-2.27240392903367	0.144181173304143	1.18312980098303	-0.193882627354591	0.216281519853548	-0.332602510303819	0.0804597519664902
553	-0.133146943233539	5.16441188419887	1.03062935507333	0.685930977077697	-0.25723280625975	5.07055417563224	1.00763831967402	0.632435562966885	-2.18063473778198	1.31289285695676	0.514142599380045	0.124085863026211	0.0938577085666318	0.022991035399313	0.0534954141108128
554	-0.358653112975762	5.29462659242817	0.823470908928996	0.445626486935955	0.0549718861144148	6.21091595294745	1.51645580543117	0.730741959658377	-1.99935501494662	1.69574617064112	0.798527635040442	-0.413624999090177	-0.916289360519287	-0.692984896502172	-0.285115472722422
555	-0.188345655304606	8.32554350678797	1.87522227886628	-0.147743052576354	0.524008341372037	8.12261767325061	2.32799549186553	0.901993575246745	-1.79409824074927	2.32469918861745	-0.125073627821039	-0.712353996676644	0.202925833537365	-0.452773212999243	-1.0497366278231
556	0.265460841158725	7.11419834170702	1.92914261433931	1.00069809109951	0.430138461335411	6.88494019783663	1.96257406078466	0.766217799724626	-1.54618034289927	1.96715564193467	-2.79270027517899	-0.164677620176686	0.229258143870394	-0.0334314464453515	0.234480291374887
557	-1.33508772816884	-3.43779969701915	-2.06026251812913	-0.520753402982282	-1.23703796518633	-2.69247290730828	-1.58257247825395	-0.172767256533814	-1.33540232938088	-1.02226019743779	1.36946972496502	-0.098049762982512	-0.745326789710865	-0.477690039875177	-0.347986146448468
558	0.157592766863206	1.97361228208583	-0.143951544621601	0.397301713555375	-0.38319013027483	1.99359811177958	0.181083839129409	0.28213698470212	-1.36932909382906	0.449435547271016	-0.0487877582072714	0.540782897138036	-0.019985829693746	-0.325035383751009	0.115164728853255
559	-1.1575042950741	1.7081124263058	0.416040647934164	-0.396674553602801	-0.398757152687627	1.66123824949036	0.0903069710043554	0.244532061845991	-1.28525591368885	0.355704234336643	1.16086470776623	-0.758747142386476	0.0468741768154355	0.325733676929809	-0.641206615448792
560	0.240337340817115	4.86755707263134	0.401819227236796	0.142189395283107	0.301312512080115	5.20309157770666	1.46504474215908	0.581866115039481	-1.21159355960937	1.48099851866921	-1.20344854927685	-0.0609751712630004	-0.335534505075313	-1.06322551492228	-0.439676719756374
561	-0.401056986010505	0.476766962910445	0.0868162407899652	0.110252310902818	-0.421602429636378	0.846099611932281	-0.120636824481883	0.150482802577247	-1.05122643117646	0.12945011752544	-1.84773109700339	0.0205454436258729	-0.369332649021836	0.207453065271849	-0.0402304916744297
562	-1.90750437631908	-4.575110642158	-2.29205849072908	0.0592155189105759	-1.49897780503655	-5.08041458176222	-2.34924672437684	-0.425134459670143	-1.00379328009875	-1.73122599123049	-1.00434974168677	-0.408526571282525	0.505303939604217	0.057188233647754	0.484349978580719
563	-2.05456364414541	-7.76877601836102	-2.89419895396282	-0.243519311286137	-2.03861115811737	-7.67703073951694	-3.37722852795281	-0.669308684917721	-1.10570881264033	-2.56245313379422	1.61861069095472	-0.0159524860280465	-0.0917452788440841	0.483029573989988	0.425789373631584
564	-1.38011604106897	-2.02193759416101	-2.64202246772312	0.133414513618153	-1.0082230095405	-1.65713191135177	-1.16228011982599	-0.0770285551427456	-1.26999186081225	-0.687597129460077	0.885471740076363	-0.371893031528475	-0.364805682809239	-1.47974234789713	0.210443068760899
565	-0.0872756821423278	1.04401238512782	-0.155842238309594	0.781418877821536	-0.448759955974916	1.37616589901286	-0.0155037177069693	0.216628119133973	-1.27967036207574	0.266634323562294	-1.58163234898924	0.361484273832588	-0.332153513885032	-0.140338520602625	0.564790758687563
566	-1.33540372481709	-3.74273607344958	-2.12508424293164	-0.247975553984903	-1.36796708313477	-3.75699432503269	-1.93514587288164	-0.283589394873435	-1.21327445554852	-1.34166145778317	0.909477051772282	0.0325633583176806	0.014258251583112	-0.18993837005	0.0356138408885324
567	-1.07992373450437	-0.525602609400266	0.135315923271769	0.128298113875812	-0.781199706447728	-0.417533507322245	-0.694861263267811	0.0431692215899581	-1.27686745228563	-0.298018260232575	0.0179554125560689	-0.298724028056645	-0.108069102078021	0.83017718653958	0.085128892285854
568	-1.69132312089146	-0.894207421254051	-1.30218825208856	-0.391109436892172	-0.742790427352504	-0.274816867127163	-0.631688370634391	0.0555510283590562	-1.25538410366154	-0.250261021653248	-0.431211610407901	-0.948532693538953	-0.619390554126888	-0.670499881454165	-0.446660465251228
569	0.113618037008544	-1.91521707742211	-0.889715800604781	0.327269652351442	-0.971271968674876	-1.57443589145678	-1.11446877188039	-0.071598401602757	-1.23086992274818	-0.656446529895824	1.11390620526641	1.08489000568342	-0.340781185965331	0.224752971275609	0.398868053954199
570	-0.897033297789448	1.66952185845868	1.19706746799298	-0.113365155937693	-0.278105726084754	2.17370720515457	0.303979819599678	0.291042772842216	-1.2394590719659	0.523104328360166	2.60436861680818	-0.618927571704694	-0.504185346695896	0.893087648393298	-0.404407928779909
571	1.50244214105119	10.5463473593208	3.24621346936738	0.793364781852433	1.27085680835676	10.2401182859022	3.40025040680117	1.06469679922221	-1.15412991503789	3.07516251233233	0.735476121651236	0.231585332694429	0.306229073418594	-0.15403693743379	-0.271332017369774
572	1.60847713978898	11.0352766423291	3.20326594409994	0.928065682958938	1.65880356254092	11.4807999224951	3.99064493784785	1.16592068765347	-0.869273710014383	3.50312238275033	1.69755039311381	-0.0503264227519318	-0.445523280166026	-0.787378993747903	-0.237855004694528
573	3.38060506728549	14.6988762874008	4.90379582874597	1.11954069598057	2.60146145733571	15.6299196575311	5.69454914311499	1.54654384288964	-0.560521869201647	4.85036053758911	1.40045954245911	0.779143609949776	-0.931043370130279	-0.790753314369013	-0.427003146909067
574	2.70410244021804	17.7029956954981	6.41059625170392	2.01522831154742	3.33436605563463	18.3684634262611	6.90361259609998	1.78462327023267	-0.155760831033329	5.7657840262893	-0.929774888921025	-0.630263615416591	-0.665467730763018	-0.493016344396058	0.23060504131474
575	2.46204130635376	12.9499658906915	5.14468594075422	1.91915184834122	2.66339726875897	13.3947129842672	5.21111985542905	1.27386129333504	0.307344775399031	4.25943073473935	1.40071160334847	-0.201355962405214	-0.444747093575734	-0.0664339146748306	0.645290555006175
576	3.50879237384473	16.0041577755876	6.14016339304651	1.33742476141681	3.39462133361307	16.3537652553664	6.47125272042467	1.5383156934058	0.634528980620737	5.23419926461389	-0.494762083592209	0.114171040231663	-0.34960747977882	-0.331089327378164	-0.200890931988992
577	3.67008292039793	12.8196307538542	5.92831829148839	0.824194886529067	2.97898371335098	12.9587850665689	5.34828896890964	1.18465262777933	1.02750988748938	4.21601725456029	0.548142136800206	0.691099207046947	-0.139154312714772	0.580029322578755	-0.360457741250261
578	3.39198268432108	13.1005600062322	4.81842249897681	1.73100863844771	3.19512220556177	13.2370267125716	5.579171279559	1.19202453699862	1.32579176696637	4.34255766590447	-0.0140922661644486	0.19686047875931	-0.136466706339355	-0.760748780582196	0.538984101449087
579	2.59516254442553	11.8862917578777	4.99736064884029	0.464141733141042	3.07120494690783	11.6904419518138	5.11749829657369	1.02314667483293	1.6235726406065	3.89420963314957	0.0940208520773823	-0.476042402482303	0.195849806063934	-0.120137647733403	-0.559004941691889
580	2.7059903721395	10.4830131784137	4.96269263723957	0.381964184837861	3.01584698971148	10.6484903860628	4.8279129747056	0.906032992497062	1.87524437338668	3.598809521912	0.936924751673204	-0.309856617571974	-0.16547720764916	0.13477966253397	-0.524068807659201
581	3.96421362973999	12.5059979335227	6.36218579765438	0.727508420842499	3.46086884918055	12.3895757354268	5.58063331935252	1.05988223508598	2.09457552370358	4.175853321394	0.145282799947693	0.503344780559437	0.116422198095849	0.781552478301866	-0.332373814243483
582	2.77879777980729	11.3035958373045	6.1553446796624	1.52844238973414	3.42186642316263	11.4185886251271	5.32036823672046	0.949250906778913	2.35195052899666	3.9035507892023	0.480174307990342	-0.643068643355348	-0.114992787822603	0.834976442941942	0.579191482955225
583	3.55231471450398	11.3430716847633	6.00168134155764	1.16792946966669	3.58236389701926	11.6099006390815	5.48818131959894	0.952908711289839	2.57861648139993	3.99337001827241	-0.394432279870194	-0.0300491825152871	-0.266828954318221	0.513500021958694	0.215020758376847
584	3.04166844324646	8.93469605828561	4.93624246616259	1.10522194192191	3.22015063978208	8.99654928081119	4.5915250776424	0.685687218930164	2.80439858534196	3.19960073657497	-2.28604824614248	-0.178482196535615	-0.0618532225255818	0.344717388520183	0.419534722991744
585	1.89988007444196	1.08331212321064	1.8037802715571	0.327616957745641	1.75308434780282	0.65946718165013	1.49344762762543	-0.129818360088694	2.9592023527287	0.593592416774997	-0.102241473183986	0.146795726639142	0.423844941560509	0.310332643931668	0.457435317834335
586	1.64941989669326	0.674287716907919	1.75274469432595	-0.10815709314621	1.63031857964978	0.170250575228694	1.28368274977124	-0.173317914939272	2.90170897345173	0.431991701913511	-0.83108685787486	0.0191013170434755	0.504037141679225	0.46906194455471	0.0651608217930622
587	0.941196053322981	-2.76478818383041	-1.06536020667619	-0.80150412095346	1.08116803015092	-2.57698034401801	0.212685752443568	-0.434241138853675	2.83342251349616	-0.442294326152701	0.209000272607492	-0.139971976827937	-0.187807839812397	-1.27804595911976	-0.367262982099785
588	0.955574457599377	-1.89218554874606	0.56437788226049	-0.0696926273328892	1.1667602794115	-1.7170903383978	0.482104149928495	-0.342328064741501	2.6981624420583	-0.189064620929938	1.39669208085919	-0.211185821812119	-0.175095210348263	0.0822737323319947	0.272635437408612
589	1.07056738464083	2.13272975755918	2.91171677262253	0.4581453599009	1.95122109971008	2.82254309608018	2.15808089445177	0.103429897370848	2.5877811225469	1.22653392202224	-0.575727474723425	-0.88065371506925	-0.689813338521001	0.753635878170751	0.354715462530052
590	1.75904832897256	0.611146591337311	1.03947813137069	-0.880418888914002	1.54118702631494	0.603042314252356	1.31846115543003	-0.111362935442454	2.59365017188523	0.528153055096594	-0.140333117933283	0.217861302657618	0.00810427708495512	-0.278983024059343	-0.769055953471548
591	0.628498206521759	1.08631446766047	1.11894531725976	-0.301449192839324	1.40343528782697	0.0104757047653032	1.0727317912892	-0.165351748268888	2.54388497544441	0.335004631653651	-0.736086199079319	-0.774937081305212	1.07583876289516	0.0462135259705685	-0.136097444570436
592	0.621157517552857	-2.48578311723789	0.620770346203272	-0.592639013598917	0.918518985766824	-2.40642742456215	0.129142333068753	-0.394688326349035	2.48054974367743	-0.434582030591033	-0.276450996984764	-0.297361468213966	-0.0793556926757407	0.491628013134519	-0.197950687249882
593	-0.137517507341538	-4.29635930776106	-0.200346043011847	0.215185390011029	0.722904196889557	-3.09551011691291	-0.183626677984099	-0.453265437436828	2.35837531447144	-0.667574824516694	-1.57556239066209	-0.860421704231094	-1.20084919084815	-0.0167193650277483	0.668450827447857
594	0.279784089658701	-7.10052298792109	-1.51304173288784	-1.48664938810175	-0.233562806682511	-7.82890357389054	-2.036774106406	-0.901605649861746	2.22202817868683	-2.17637973272712	-2.05315183391226	0.513346896341211	0.72838058596945	0.52373237351816	-0.585043738240005
595	-1.65605353495606	-13.9609723683438	-3.95973094528507	-0.268619139387269	-1.43760593876715	-13.5518902674447	-4.31365997823023	-1.43802701973154	1.9707548848724	-4.01189359336667	-0.656865907431473	-0.218447596188908	-0.409082100899059	0.353929032945163	1.16940788034427
596	-1.85444574574169	-14.0622270524807	-5.55563646637832	-0.956306901636303	-1.77262122717733	-14.2029202574155	-4.72370022057131	-1.47553949669699	1.58268875606447	-4.26757014146148	-1.18756012495778	-0.0818245185643638	0.140693204934759	-0.831936245807004	0.519232595060688
597	-2.45296234349636	-16.0859903528768	-6.03261225739439	-1.67922491850417	-2.40933351857291	-16.4547975228088	-5.74386885375948	-1.66726766759329	1.18804853072747	-5.02837325227311	-1.14483451574784	-0.0436288249234505	0.368807169931987	-0.288743403634915	-0.0119572509108865
598	-3.30685721835773	-17.8999623719983	-6.10372491546252	-1.29108161548888	-2.99782042883683	-18.3102951700067	-6.63315676007751	-1.81766816562034	0.746977379389063	-5.67037044279364	-1.93935733539869	-0.309036789520909	0.410332798008433	0.529431844614995	0.526586550131461
599	-3.86242917369656	-21.8858857829298	-8.80175843847559	-2.46707963027933	-4.03475915359551	-22.4696302306149	-8.41138374124461	-2.18831229382455	0.270545565654168	-7.04269073391297	0.591161463656528	0.172329979898948	0.583744447685095	-0.390374697230975	-0.278767336454773
600	-2.78538116625676	-18.1092273813408	-6.07216842908067	-0.684815837583912	-3.53841039459714	-18.1218433804157	-7.00066451262543	-1.73112705901414	-0.297958829252559	-5.74726019686514	-2.21655298746845	0.753029228340377	0.0126159990748426	0.928496083544759	1.04631122143023
601	-5.10450400009047	-22.9992215163707	-9.07283826107988	-1.3750048918518	-4.72004441662186	-23.1495148658526	-9.0953865101755	-2.18767104677682	-0.743555943031637	-7.38908716464707	0.367008754216407	-0.384459583468613	0.150293349481842	0.0225482490956243	0.812666154925025
602	-5.16787730926205	-19.1457051370442	-7.78834610701606	-1.62637930619915	-4.33175822764913	-19.4068125455701	-7.91072788517545	-1.78948482876316	-1.30370491610216	-6.28316969396596	-0.102639427843941	-0.836119081612911	0.261107408525957	0.122381778159391	0.163105522564008
603	-4.14980383794774	-16.7799555315935	-7.68541301742666	-1.26012992337952	-4.23548130795062	-17.5506612643817	-7.39663887806408	-1.58057878505673	-1.75628260683886	-5.75749215241331	-1.14589439304895	0.0856774700028863	0.770705732788189	-0.288774139362584	0.320448861677205
604	-4.7906715064796	-19.524611686834	-8.08327180804302	-1.40466213078573	-4.75959898787741	-19.1971874433693	-8.1872275380314	-1.71381427507699	-2.15114207327743	-6.32763733022092	-0.994068512281493	-0.0310725186021887	-0.327424243464664	0.103955729988376	0.309152144291264
605	-6.17842792753684	-19.6449724355399	-9.27896220191633	-2.74156439628133	-5.17509792954393	-20.1677784599631	-8.73451080321338	-1.77970643683473	-2.57729320752973	-6.68894210948032	-0.559574138702578	-1.00332999799291	0.522806024423209	-0.54445139870295	-0.961857959446602
606	-4.89954863792793	-19.0340089252029	-7.97852928240206	-2.26054483475644	-5.31885858915738	-19.6386954117883	-8.7185314306939	-1.69983642076826	-3.01705533884056	-6.57962203723487	0.0438017921809623	0.419309951229445	0.60468648658541	0.740002148291836	-0.560708413988176
607	-5.08689018809276	-17.8197999581708	-8.4863476826638	-1.38529313769861	-5.10094668288463	-17.2388733495378	-7.98261189088544	-1.44083260400041	-3.43259634066426	-5.87785804133042	0.205732976700898	0.0140564947918669	-0.580926608633046	-0.50373579177836	0.0555394663017926
608	-4.96598428455446	-14.475560492606	-6.85801734022504	-0.401616809064038	-4.79544693325851	-14.5769027389579	-7.11766205705851	-1.1611075619	-3.77775326588609	-5.08433926049648	-0.0755733136647559	-0.170537351295954	0.101342246351881	0.259644716833469	0.759490752835966
609	-4.62687073230395	-12.7452532258181	-6.9154615019928	-1.08815254402152	-4.66751036980795	-13.0909926800387	-6.66732878861985	-0.99990920940595	-4.04773200271289	-4.65147864811159	-0.377435336393481	0.0406396375040035	0.345739454220559	-0.248132713372946	-0.0882433346155716
610	-5.01037231660739	-12.4769979041566	-6.46154764965955	-1.64851106289898	-4.72279133547641	-12.7189564802772	-6.62116027162568	-0.949184468074636	-4.27381351964603	-4.56376611969391	0.100333618957527	-0.287580981130986	0.241958576120602	0.159612621966131	-0.69932659482434
611	-4.80295146055464	-10.5913413303515	-5.8684123598664	-0.737487734322708	-4.49376088633301	-10.8642356141192	-6.00617443681489	-0.756206775240944	-4.48494209366181	-4.00705588876699	1.62080678275993	-0.309190574221636	0.272894283767736	0.137762076948497	0.0187190409182358
612	-3.51094894459173	-3.91944006615466	-3.64662238732243	0.225832862367088	-3.3744088985679	-4.38075050832512	-3.61332304224821	-0.119457071840155	-4.64442443167325	-1.98554351713036	0.0692020131182805	-0.136540046023829	0.461310442170461	-0.0332993450742155	0.345289934207242
613	-3.32977125227357	-3.71879756341927	-3.6161863356044	-0.514490793145596	-3.21301374764995	-3.53346309639704	-3.28909014641836	-0.0380381993842028	-4.63783258358954	-1.71778715229904	-0.328427749063965	-0.116757504623616	-0.185334467022231	-0.327096189186041	-0.476452593761393
614	-2.42114603889516	-3.78084914820157	-4.17785906099305	0.559223101132438	-3.2925269173873	-4.04218787325705	-3.47050249371087	-0.0889877881617883	-4.61022334640973	-1.8744361861331	-0.145233291963675	0.871380878492138	0.261338725055482	-0.707356567282178	0.648210889294227
615	-3.15727876719336	-3.44111476256227	-2.78096366959688	-0.181896026275425	-3.26084721001655	-3.91406586029999	-3.41592641400738	-0.0775396019954175	-4.59602245958091	-1.83222585948347	-0.595767232311068	0.103568442823194	0.472951097737722	0.634962744410507	-0.104356424280008
616	-3.75466112922224	-5.66253051784728	-3.74683215919446	-0.219327503405968	-3.4966250537402	-5.23078232448524	-3.90833000419863	-0.205852475229215	-4.57897354459889	-2.24477050584619	1.83036584376349	-0.258036075482038	-0.431748193362042	0.161497845004165	-0.0134750281767528
617	-3.06533315600802	1.32598786296698	-1.15607028306522	0.176019641646766	-2.28972246181982	1.29924200292298	-1.43766456838523	0.426028946717292	-4.59526876409605	-0.189927611498079	0.395046629291103	-0.775610694188197	0.0267458600439979	0.281594285320017	-0.250009305070526
618	-1.51916633673743	1.95712359774633	-1.31752691839768	0.107121576096745	-1.9751550389391	2.55264643552023	-0.900207809576488	0.537473614681308	-4.44790599492057	0.224111778942831	-1.6319121526529	0.455988702201678	-0.595522837773901	-0.417319108821187	-0.430352038584563
619	-3.66511929475425	-2.99741300237444	-2.30426680491103	0.34420800254543	-2.87010089408967	-2.77159400917361	-2.84671297244147	0.0116939608241012	-4.27289218415955	-1.43021155160435	-1.85598814237643	-0.795018400664578	-0.225818993200838	0.542446167530438	0.332514041721329
620	-3.97772594196322	-8.27074755738575	-5.19233614862569	-1.273789642086	-3.86485636581922	-8.22509430561678	-4.90001949021336	-0.517581562197074	-4.23535972978491	-3.14317853882035	-0.260127847946177	-0.112869576144004	-0.0456532517689685	-0.292316658412329	-0.756208079888927
621	-3.64723435346	-8.01581068655983	-3.96092769337841	-0.156216945965547	-3.88008760755146	-8.0117752124427	-4.86099054264135	-0.490451467544944	-4.3351030941807	-3.08898853288449	1.05255663537927	0.232853254091467	-0.00403547411712477	0.900062849262945	0.334234521579397
622	-3.18598936397136	-2.75572231685576	-3.12013122949238	0.183862445533599	-3.1188815541816	-3.65166692880035	-3.24536873780298	-0.0632435918106913	-4.42701989713725	-1.72753304421677	0.0535082175204439	-0.0671078097897616	0.895944611944594	0.125237508310608	0.247106037344291
623	-2.32143313004888	-3.63102006005555	-3.71744480501297	-0.603138141688304	-2.97595269094631	-2.94140369713729	-2.96774897440324	0.00410185827153686	-4.40763607292883	-1.50127152227465	0.744885252799496	0.65451956089743	-0.689616362918252	-0.749695830609729	-0.607239999959841
624	-1.75036607432071	-0.618192332453204	-1.28517956061153	-0.0390552296196805	-2.42953881354994	-0.115281758553727	-1.88010940086358	0.274714706343181	-4.37098026353404	-0.60625911724769	-0.856331837601684	0.679172739229238	-0.502910573899477	0.594929840252051	-0.313769935962861
625	-2.58792465816238	-2.95710578821616	-2.88909085953852	0.223913432217072	-2.84946928540088	-2.68536053971435	-2.81050682244123	0.0194812314798253	-4.26458780090953	-1.40196504312461	0.147176344028999	0.261544627238506	-0.271745248501813	-0.0785840370972855	0.204432200737247
626	-2.400550473846	-2.90727023791209	-2.7243151005861	-0.310516547056281	-2.66089448529869	-1.78941301491302	-2.4539946092152	0.103449938041747	-4.22510711937965	-1.11459219478315	-0.210125045598986	0.260344011452696	-1.11785722299907	-0.270320491370903	-0.413966485098028
627	-3.79382882815704	-2.3053724231019	-1.71755070938222	-0.627581021739753	-2.69036248617701	-2.12784235803694	-2.55681317165121	0.0667746572628963	-4.16421476676799	-1.21325802090382	-0.0735568844203995	-1.10346634198003	-0.177530065064963	0.839262462268994	-0.694355679002649
628	-3.56137369894428	-1.91488751630483	-2.92579668417485	0.41645165146293	-2.63800289132549	-1.99726934136006	-2.48588493746286	0.0760589769313109	-4.11330545654971	-1.16548910323383	-0.309748982075001	-0.923370807618797	0.0823818250552333	-0.439911746711984	0.340392674531619
629	-2.50349868383844	-3.25073416380836	-3.21917952998631	-0.952205245478692	-2.72713710616902	-2.63249792724992	-2.70466748622865	0.0112348099701802	-4.06040455366997	-1.35868917498545	-0.392596148873043	0.223638422330575	-0.618236236558441	-0.51451204375765	-0.963440055448872
630	-3.59645227095878	-4.49515215284328	-3.71099561098045	-0.146789396083952	-2.86197413037652	-3.46227787740082	-3.0044909883564	-0.071258428989942	-4.02470688800947	-1.61541640635995	0.304646159475062	-0.734478140582266	-1.03287427544246	-0.706504622624045	-0.0755309670940101
631	-3.06727412317093	-2.02051906787634	-1.23657933241873	-0.0928028975984963	-2.57974643254577	-1.98814416452184	-2.43929277447258	0.0702268290365912	-4.01064616274425	-1.14922860624889	0.284093593381707	-0.487527690625161	-0.0323749033545045	1.20271344205385	-0.163029726635088
632	-2.8126937973485	-0.958613974720154	-1.67975231528074	0.734414824856665	-2.31992763592248	-0.74236149292039	-1.94539621679655	0.187265709562963	-3.96008361278869	-0.750212152242297	-0.852928114580931	-0.492766161426024	-0.216252481799764	0.26564390151581	0.547149115293702
633	-3.05255514195109	-3.16483911128332	-3.84677176697739	0.439469278625611	-2.74163310521262	-3.24519410101907	-2.86118230468818	-0.0597745997377759	-3.87964055979198	-1.528119051599	1.09443138836781	-0.310922036738464	0.0803549897357468	-0.985589462289212	0.499243878363387
634	-3.29679039514322	0.195654866256318	-1.81656079254895	0.943570983302307	-1.99686793970785	0.707723510305684	-1.35476936641434	0.321049286646753	-3.86377939832266	-0.280875758071293	-0.515513368391055	-1.29992245543537	-0.512068644049366	-0.461791426134604	0.622521696655554
635	-2.75730903331867	-1.37726065151725	-1.24186928658254	-0.346432251436394	-2.23083198766213	-0.886961078662197	-1.91178224495524	0.159524871353445	-3.74949182560695	-0.768301550655218	-0.551151654864161	-0.526477045656543	-0.490299572855055	0.669912958372697	-0.505957122789839
636	-2.08949001855997	-2.23427439003639	-3.52139725408689	0.0601840209999947	-2.47729484308279	-2.42235947198437	-2.46425143260606	0.00652170523836293	-3.67792855693333	-1.24262305045386	0.482384153869496	0.387804824522813	0.188085081947979	-1.05714582148083	0.0536623157616317
637	-1.85555694344737	-0.870443770822256	-1.62459347768703	0.759146214149337	-2.10383053070075	-0.509500454793112	-1.72531928686289	0.189255621918932	-3.64653932980961	-0.635976591538975	-0.915570627419043	0.248273587253388	-0.360943316029144	0.10072580917586	0.569890592230406
638	-2.24541439659197	-2.41036433987424	-3.06430282911603	0.230992725928391	-2.57027247253227	-3.24662733713273	-2.73084478240714	-0.0802861549374346	-3.5681133579342	-1.48794955980412	-0.368872404757035	0.3248580759403	0.836262997258491	-0.33345804670889	0.311278880865826
639	-2.71604655513162	-3.90758187918552	-2.69115514462043	-0.176295533370186	-2.6965525562374	-3.94860943362601	-2.99380233845949	-0.148624891111044	-3.56007620741416	-1.70802700858074	1.01311314247659	-0.0194939988942172	0.0410275544404876	0.302647193839068	-0.0276706422591416
640	-1.94101292383188	-0.820736196537363	-1.96519508874245	-0.547577770483814	-2.00133884769606	-0.186143960840534	-1.57039209305582	0.215473377320121	-3.56978953806946	-0.524111165246077	-2.51542881937991	0.0603259238641802	-0.634592235696829	-0.394802995686636	-0.763051147803935
641	-3.78126450143624	-7.14498641440412	-4.29763377637854	-0.771814318156402	-3.41715300405957	-8.04022570830715	-4.51471599944165	-0.54878149769104	-3.48519839863873	-2.98712886810138	1.47154229857092	-0.364111497376672	0.895239293903028	0.217082223063111	-0.223032820465363
642	-2.39728744824361	-2.53808189482454	-1.26558251254893	-0.52566121439199	-2.42470933189742	-2.37325718125049	-2.412492898822	0.00610821653771293	-3.59907408138044	-1.21687368272032	0.365792414057248	0.0274218836538153	-0.164824713574042	1.14691038627306	-0.531769430929703
643	-1.95991683502248	-1.37526283999596	-2.49510260029958	0.454240490997699	-2.12203726316242	-0.8383953387542	-1.81728654844395	0.152375357359234	-3.56842865887719	-0.729393900391044	-0.18641853192428	0.162120428139941	-0.536867501241759	-0.677816051855631	0.301865133638465
644	-2.05951889053227	-0.703087150365612	-2.14904810717238	-0.472981136279276	-2.15677466514096	-1.22689685089891	-1.93601114378091	0.110381760680027	-3.50017782587412	-0.84287304227622	-0.853568252931617	0.0972557746086942	0.523809700533297	-0.213036963391473	-0.583362896959303
645	-3.56997377757615	-3.98658384989152	-2.15412799583047	0.361710619280883	-2.58456933009146	-3.6925719786937	-2.84761922217446	-0.131524946041502	-3.44334580149974	-1.61215399098021	-0.513604314624203	-0.985404447484688	-0.294011871197818	0.69349122634399	0.493235565322385
646	-3.06543079832896	-4.50463859802434	-2.56237698722752	-0.339098248720121	-2.79581989479759	-4.8086823607262	-3.27369264032559	-0.238936372764	-3.44957645592959	-1.9645429065064	0.978347649400301	-0.269610903531372	0.304043762701862	0.711315653098072	-0.100161875956121
647	-1.88251361574089	-0.927531384914133	-2.01066516566042	0.356297135959471	-2.1174910237659	-1.0651057053213	-1.86764298957499	0.124924017095455	-3.4835541035495	-0.789740966455456	-0.561976221931992	0.234977408025004	0.137574320407168	-0.14302217608543	0.231373118864016
648	-2.61939508486261	-2.49173520369541	-2.47116755022763	0.134931194954566	-2.37434570441708	-2.62346587528896	-2.43348823220121	-0.0295712638920679	-3.4230928935938	-1.2727430917419	0.315292420800409	-0.245049380445532	0.131730671593549	-0.0376793180264159	0.164502458846634
649	-1.50889100669724	-0.957576339954824	-2.00741214828482	0.0458408512776189	-2.10327060390598	-1.22677398881856	-1.89518034976605	0.104045127069963	-3.40310221813618	-0.830176361767304	1.98082053797411	0.594379597208737	0.26919764886374	-0.112231798518765	-0.0582042757923442
650	-1.37739037885816	4.99404226915053	0.570189891814033	1.23155289270732	-0.857548247500926	5.30253938577116	0.604919836124145	0.731234041812536	-3.34869401240324	1.23366181238353	-0.0186260044536064	-0.519842131357236	-0.308497116620625	-0.0347299443101125	0.500318850894782
651	-0.370257413159276	4.09325069595745	0.209127198272288	0.817415540983412	-0.83899618299089	4.7622445859286	0.490795942808367	0.664896062899629	-3.13241317744888	1.09166962669157	0.691935294663692	0.468738769831614	-0.668993889971141	-0.281668744536079	0.152519478083783
652	-0.2515746577042	6.45938558594288	1.83642167870943	0.919930844028514	-0.400998451079535	6.53059512394626	1.24463279688671	0.822815623983122	-2.93504673336444	1.67443795868611	-2.35683803455154	0.149423793375335	-0.0712095380033731	0.591788881822723	0.0971152200453915
653	-2.91156768856023	-1.30843606742757	-2.02943872963301	-0.177124405324065	-1.78097758749167	-1.58091511505686	-1.73347985732106	0.0237488650853053	-2.69840568693167	-0.849843871734041	-0.137623321769429	-1.13059010106856	0.272479047629293	-0.295958872311947	-0.20087327040937
654	-1.22169509047418	-1.79444236385763	-1.82134881746906	-0.392839722847976	-1.79885462872259	-1.75958649295273	-1.7895311064512	0.00466176113569328	-2.6704684226348	-0.902482806330066	0.342279837782324	0.577159538248414	-0.0348558709049038	-0.0318177110178534	-0.39750148398367
655	-2.40752174013416	-0.990123130547598	-2.00118852329354	0.283954739016669	-1.53239543682222	-0.395914392001312	-1.26258250065737	0.134906468082428	-2.64769637439275	-0.469954687914735	-0.53521589511161	-0.875126303311941	-0.594208738546286	-0.738606022636175	0.149048270934242
656	-1.85295459745196	-2.60710909215861	-2.07440999761598	-0.576752473736813	-1.79430903221853	-1.96911575234073	-1.83580906765953	-0.0207500177204983	-2.59140182483296	-0.958175114234872	-1.00068030972032	-0.0586455652334352	-0.637993339817879	-0.238600929956453	-0.556002456016315
657	-2.34373697899085	-4.97383623365965	-2.55104182428225	-0.203713973156251	-2.32180453750585	-4.84812186968846	-2.92157693655497	-0.29988619952456	-2.57584467302066	-1.86303791253171	0.695663919322482	-0.0219324414850015	-0.125714363971184	0.37053511227272	0.0961722263683088
658	-1.13540296077214	-2.65359348946642	-2.10847688031797	0.276693429316181	-1.82738848555075	-2.02472311912832	-1.87423686162738	-0.0234241880383122	-2.63265160293735	-0.981070201956053	-0.0919060776843392	0.691985524778615	-0.628870370338093	-0.234240018690594	0.300117617354494
659	-1.47849261510623	-2.38081185857251	-2.00589468337809	0.515001455335884	-1.81652145746957	-2.01132889166385	-1.86276985585346	-0.023124199191944	-2.61745339084213	-0.974869259444787	1.36550175151515	0.338028842363337	-0.369482966908655	-0.143124827524632	0.538125654527828
660	-0.813011156063746	3.24282007503825	0.40653238280945	0.53444396188894	-0.944564030376431	2.62678445879848	-0.0966889969708612	0.423937516702785	-2.60230027836267	0.488119418014839	0.118772158104609	0.131552874312685	0.616035616239765	0.503221379780312	0.110506445186155
661	-0.58500238759785	1.40225993616397	0.425322568115214	0.511824955807542	-0.841265637500387	2.79476559797592	0.0219656902603194	0.431615663880353	-2.47157315993364	0.558079634317965	-0.846353497176375	0.256263249902537	-1.39250566181195	0.403356877854894	0.080209291927189
662	-0.414956407765977	0.747269891313114	-1.34638069097305	-0.718291015363606	-1.31215007896614	-0.123724327840386	-1.03000504544519	0.141072516760476	-2.3399146909859	-0.344081826290207	-0.575679714314035	0.897193671200166	0.8709942191535	-0.316375645527855	-0.859363532124082
663	-1.24337841637572	-2.12544482195842	-2.17169255178664	-0.230929301282351	-1.60584397285567	-1.86497275239547	-1.66736301648863	-0.0307595218164797	-2.28450993190727	-0.885353357975221	-0.166240028786627	0.362465556479949	-0.260472069562951	-0.504329535298013	-0.200169779465872
664	-0.588658486233821	-1.61770951304252	-1.85614841669439	0.451975357592699	-1.6468055450943	-2.11599473886199	-1.75819505510908	-0.0556947550073902	-2.27402150241947	-0.963058050964326	0.537846555965881	1.05814705886047	0.498285225819472	-0.0979533615853141	0.507670112600089
665	-1.14907901933109	0.142303790773773	-0.68730744820763	0.632873344725375	-1.27008409466221	-0.104457796414848	-0.993351904187177	0.138366095237518	-2.27007083333053	-0.328905689902012	-0.135774019695292	0.121005075331118	0.24676158718862	0.306044455979548	0.494507249487857
666	-0.55717068702847	0.073087896588853	-1.27838387418596	-0.0295205058402847	-1.3052445761346	-0.453481397915859	-1.10302667654717	0.101108949793715	-2.21593050740764	-0.431789140607102	0.850434649275542	0.748073889106132	0.526569294504712	-0.175357197638785	-0.130629455634
667	0.499383509959334	2.20895436422378	-0.11354857166574	-0.681626142987553	-0.756148520994183	2.36513436663179	-0.015123745244356	0.370512387874914	-2.17186927967035	0.46182442272915	0.802203961881621	1.25553203095352	-0.156180002408007	-0.0984248264213845	-1.05213853086247
668	-0.242985708430786	4.98560985175253	1.50201067545718	0.240224847377857	-0.255515672796034	4.71823936470117	0.925304655648405	0.59041016422222	-2.05844418851279	1.21784594233786	1.66384978878671	0.0125299643652484	0.267370487051361	0.576706019808778	-0.350185316844363
669	1.57127775030996	9.15765464894931	2.99500736316485	1.31369293365197	0.736281697359044	9.54353141011142	2.82721230681543	1.04546530472819	-1.88902709968244	2.75991113689078	-0.350952247865411	0.834996052950914	-0.385876761162113	0.16779505634942	0.268227628923773
670	0.908858598130948	7.36413782399873	2.44820478254264	1.03830893107071	0.501125695046575	7.43493374245277	2.14728224701236	0.823078275982891	-1.6032131369376	2.1329677753363	-1.26952035209252	0.407732903084372	-0.0707959184540451	0.300922535530283	0.215230655087817
671	-0.608158326451578	3.350990029741	0.186141167129836	0.467667560258112	-0.268304595057734	2.63406852796869	0.420748533617669	0.344526564337702	-1.37725946495284	0.650150645710147	1.25693506890596	-0.339853731393844	0.716921501772308	-0.234607366487833	0.123140995920411
672	-0.837826706104686	5.95274156392769	2.45233052995954	0.882606451317392	0.483761956063412	6.37641150977169	1.88273686447103	0.699487454203808	-1.2769762651298	1.84207065004509	0.224628794482692	-1.3215886621681	-0.423669945843994	0.569593665488516	0.183118997113585
673	1.09871338888904	6.39925258573447	2.24941660326524	1.1302121902766	0.598318793060222	6.42553198987146	1.98175838737617	0.691719797157971	-1.08564157075726	1.88249237952327	0.139757260745444	0.500394595828818	-0.0262794041369882	0.267658215889077	0.438492393118631
674	1.36911253051856	5.82652536321172	1.46270596657482	-0.532494710115694	0.658633765481526	6.19385982653853	1.97275260486305	0.657059419690761	-0.897862231741544	1.83400040231639	1.82784353993526	0.710478765037037	-0.367334463326812	-0.51004663828823	-1.18955412980646
675	2.70045427407602	11.0843343771634	4.2044130049618	1.11823000121386	1.71467927437323	11.3409005749351	4.00004162570112	1.14268117566395	-0.720569180284542	3.47844390202	0.00880875766771512	0.985774999702791	-0.25656619777175	0.20437137926068	-0.0244511744500837
676	2.05367363789425	11.3361071019743	4.28355755652634	1.63879817097812	1.65715662503861	10.1397828976858	3.67101787350725	1.00693062423432	-0.419032436404051	3.13940826948572	0.21713430704079	0.396517012855635	1.19632420428855	0.612539683019096	0.631867546743805
677	1.84042283590445	10.1464248785292	3.52708834746589	0.729684692068398	1.72501564074253	9.72319315584519	3.62386377746974	0.949424068363602	-0.155062053051805	3.04260174957794	0.283499799548022	0.115407195161919	0.423231722683977	-0.0967754300038513	-0.219739376295204
678	2.24394475108273	9.38196865915155	3.4307538241174	1.13418368247515	1.82976373010653	9.55506141475825	3.6638273597843	0.917031814838884	0.0918943271706201	3.02184137416817	0.969609070333232	0.414181020976206	-0.173092755606703	-0.233073535666895	0.217151867636265
679	1.56729863559799	12.2416225989144	4.78055018945922	0.65702020915965	2.33638308999009	11.5759298834758	4.52994466781198	1.09678078891095	0.328473504360311	3.68926630708458	-0.0332581598568439	-0.769084454392094	0.66569271543861	0.250605521647232	-0.439760579751299
680	2.85229530958018	9.31837918028498	3.03611166781211	1.39221932960457	2.23188982573296	10.1827635631277	4.11950731883153	0.943808746549285	0.609659913838199	3.28708151651928	-0.217220335846577	0.620405483847218	-0.864384382842693	-1.08339565101942	0.448410583055283
681	2.05296735945299	8.45919351949072	3.67210420820189	0.196665824180146	2.02259452666387	8.35059747368933	3.52492603273444	0.751165753035287	0.848987505070436	2.74115302902077	-1.2334170771741	0.0303728327891207	0.108596045801388	0.147178175467443	-0.554499928855141
682	2.1509626719358	3.83398101408314	1.7229412355946	0.558237558340769	1.22035287866092	3.48717253393855	1.75851841122939	0.269082766284235	1.03652775428591	1.23362064894459	0.910418241672629	0.93060979327488	0.346808480144589	-0.0355771756347876	0.289154792056534
683	2.20484263524497	5.94323295488831	4.10164692936105	0.518912931846124	1.71461502194698	5.96039066616319	2.72260466449927	0.503994821276147	1.09779387377722	2.02067682572276	-0.71446145356894	0.490227613297998	-0.0171577112748773	1.37904226486178	0.014918110569977
684	1.12578232025883	3.02662708922525	2.03742843160462	0.607529488220723	1.23045500178177	3.00046745798894	1.65067343027487	0.210109214246551	1.21935879358687	1.10414768958155	-1.31597676252844	-0.104672681522943	0.0261596312363095	0.386755001329748	0.397420273974173
685	0.258786302780066	-0.911353837402395	-0.385289138682972	-0.480273599585923	0.408409860941812	-1.54616956251778	-0.0556274382300168	-0.232018649585915	1.26388651019692	-0.322243841905049	0.213124912926267	-0.149623558161746	0.634815725115387	-0.329661700452955	-0.248254950000008
686	1.29518116652138	-0.812586356396506	0.980188524844566	-0.437797630882131	0.520148158457952	-0.738206551487737	0.221401657778137	-0.149373250339908	1.19363510837906	-0.076894544788277	0.891229902972613	0.775033008063428	-0.0743798049087688	0.758786867066429	-0.288424380542224
687	1.00637746853173	2.24642645916605	1.55773419901578	-0.081545303299257	1.02861724312954	2.13548365800947	1.29139813087117	0.131390443870814	1.14533906688239	0.822024812663163	1.37345680641352	-0.0222397745978102	0.110942801156581	0.266336068144611	-0.212935747170072
688	2.07126312211494	5.97512373987611	2.28571137109725	0.81921312511916	1.80361113147655	6.22443717230368	2.85315948180756	0.524774175165506	1.17009268166056	2.11327913781037	1.26876494422785	0.267651990638389	-0.249313432427572	-0.567448110710313	0.294438949953654
689	1.11306481736824	10.3845547032782	4.26227566846349	0.648678692600731	2.48854014126419	9.52905839648034	4.16002982871701	0.83574484372641	1.29645129392664	3.17071616825719	-1.48066995896613	-1.37547532389595	0.855496306797906	0.102245839746478	-0.187066151125679
690	1.73505985722672	4.64790882153035	2.3801906700369	0.419803578168076	1.52341445871425	3.73677411105274	2.04888789508613	0.26273671818594	1.50226647149048	1.37297459246534	-0.910025755783634	0.211645398512476	0.911134710477608	0.331302774950777	0.157066859982136
691	0.739523935743347	0.157826511020825	0.776801499528669	-0.384611915293678	0.930808827785101	0.38883066861116	0.802137233499975	-0.0643357971425629	1.55812916247954	0.325651377435169	0.90423527274103	-0.191284892041754	-0.231004157590336	-0.0253357339713059	-0.320276118151115
692	2.62892990465316	3.55871644202798	1.02648309462824	0.861683264067205	1.43220403750997	3.16812457719257	1.84432859996045	0.206062281225242	1.52889670013283	1.19732151243268	0.535093567066242	1.19672586714319	0.390591864835403	-0.817845505332211	0.655620982841963
693	1.74210580193513	4.62528514008669	2.50262084240554	0.581072715072834	1.69714405688424	4.46976211429337	2.35539106247103	0.329123502793392	1.56987739705933	1.61268292825566	-0.233994447294205	0.0449617450508851	0.155523025793315	0.147229779934519	0.251949212279443
694	1.30030247460711	3.18378226668537	1.59189572098891	0.246939152958036	1.49785558259096	3.18495612733751	1.89838974840344	0.200267082906238	1.64237451499018	1.21742018813589	-3.04861615737666	-0.197553107983846	-0.00117386065214113	-0.30649402741453	0.0466720700517974
695	-1.05582551932151	-6.50669481721574	-1.90911516752984	-0.420464096382287	-0.357879310911623	-6.89558756689394	-1.90999779897631	-0.776059244032344	1.68093905529886	-1.95293798805437	-1.23580158005532	-0.697946208409888	0.388892749678198	0.000882631446471936	0.355595147650057
696	-1.24458320492574	-10.0025125309185	-2.82740946969385	-1.27347580214283	-1.07452580035373	-10.1100157517387	-3.21964280890749	-1.07255850427688	1.46652588974404	-2.99344576930425	-1.09549163690177	-0.170057404572011	0.107503220820225	0.392233339213643	-0.200917297865948
697	-2.54230534559112	-12.5196974514416	-4.07675578184852	-0.912976844589925	-1.68226863084759	-12.5176534371849	-4.25469875413612	-1.28621506164426	1.17711234870697	-3.7895928292756	0.801740491334962	-0.860036714743537	-0.00204401425665041	0.177942972287595	0.37323821705434
698	0.185825852801244	-8.8371600381858	-3.08435221465571	-1.50188662662886	-1.14658400731062	-8.62769678437897	-2.92267597683446	-0.88804598476192	0.834743204059673	-2.60889305501307	-0.0653100092217537	1.33240986011187	-0.209463253806831	-0.161676237821251	-0.613840641866941
699	-1.44261076149647	-8.23286221677076	-3.16251610920782	-0.725428675717482	-1.14307026492665	-7.9088901490813	-2.7493444034626	-0.803137069267973	0.598182204348707	-2.41331375873352	-0.0625791520246087	-0.299540496569814	-0.323972067689465	-0.413171705745224	0.0777083935504903
700	-0.830386721940182	-6.68054307992901	-2.48663620614724	-1.63023241161765	-1.13818559832556	-7.25338924844764	-2.58999680540791	-0.725905603541176	0.385505395512957	-2.23456153488478	-1.20450187436045	0.307798876385375	0.57284616851863	0.103360599260666	-0.904326808076472
701	-1.98296670879459	-10.8016034359442	-4.27556924537349	-0.619336466705516	-1.80857651926076	-10.2887530845471	-3.82185610929777	-1.00663979501851	0.194533029413942	-3.21560725575675	-0.949897924446895	-0.17439018953383	-0.512850351397118	-0.453713136075714	0.387303328312991
702	-2.92571055115721	-11.9792010870843	-5.01582350092047	-0.636235400782723	-2.30417551370497	-12.1749773093714	-4.64760348680701	-1.17171398655102	-0.0675491234350833	-3.84394445462797	0.0734100002710054	-0.621535037452248	0.195776222287161	-0.368220014113453	0.535478585768299
703	-1.69461239653287	-10.4656246586638	-4.28052153584802	-0.355610406463825	-2.17699268076381	-10.5963420107986	-4.17583108700109	-0.999419203118642	-0.370234828083492	-3.38614000889417	0.814649343097567	0.482380284230936	0.130717352134822	-0.104690448846926	0.643808796654817
704	-1.57067345558498	-7.36539744382047	-3.10976434768755	-0.490414197488298	-1.61643545452149	-6.82938047178429	-2.85404102392572	-0.618802784702115	-0.62588750765137	-2.23287666490718	-0.42694528366212	0.0457619989365034	-0.536016972036179	-0.25572332376183	0.128388587213817
705	-1.98490080945491	-7.85963813711166	-3.01485180347024	-0.808374794523337	-1.81030581512537	-7.41171197735728	-3.14013593143254	-0.664915058153588	-0.780974831754693	-2.43653428207858	1.26746982221852	-0.174594994329541	-0.447926159754373	0.125284127962305	-0.143459736369749
706	-1.42233545059321	-2.85341233241318	-0.916152207605088	0.178613559326481	-0.995625074252821	-2.54589981886597	-1.36367564054927	-0.184025283148226	-0.946743260394758	-0.925411031652204	1.28713255700656	-0.426710376340386	-0.307512513547209	0.447523432944186	0.362638842474707
707	0.14224853013773	1.49284584822452	0.698485177713709	0.0308454860797872	-0.199039574899859	1.85054427155461	0.287552643051024	0.243296108975441	-0.986722174356538	0.454262628519576	1.46719761478761	0.341288105037588	-0.357698423330086	0.410932534662685	-0.212450622895654
708	1.40605135899138	7.10181540683506	1.94562731122508	0.441334229956798	0.674984676872602	6.33472041181511	2.01866337564216	0.671839349384781	-0.915790513208759	1.87603398045523	-2.42194542597302	0.731066682118775	0.767094995019945	-0.0730360644170873	-0.230505119427983
709	-0.287920753766294	-1.93759939344613	-0.742796887243663	-0.249957836122258	-0.781636889969586	-2.02455387484625	-1.07671769040176	-0.147540400216087	-0.734527740083162	-0.733514843563314	-1.21952293413793	0.493716136203292	0.0869544814001266	0.333920803158097	-0.102417435906171
710	-2.18402932328164	-5.07630646277769	-2.54717068247561	-1.03425987706349	-1.47442429005593	-5.64982572056278	-2.46570649171552	-0.495641100829791	-0.76677839345224	-1.87968629334491	-1.63451759749913	-0.709605033225702	0.573519257785092	-0.081464190760098	-0.538618776233694
711	-2.1050694960241	-10.1526762752871	-4.71781944435847	-0.519512565582501	-2.38732936123936	-10.1914896097598	-4.24011549995964	-0.926393069360139	-0.888854576630003	-3.32623526150955	0.0424623607359064	0.282259865215264	0.0388133344726763	-0.477703944398828	0.406880503777638
712	-2.88943426147224	-8.74230012224816	-4.72820173597278	-0.137997856897852	-2.27581563518946	-8.90447731372996	-3.84952647056842	-0.786855417689481	-1.12142045245825	-2.95114937462269	1.03899533715498	-0.613618626282783	0.162177191481803	-0.878675265404355	0.648857560791629
713	-1.6010717624608	-4.51330083419229	-1.56760991656867	-0.148494557031974	-1.57941840528698	-4.58868347916729	-2.29384788435969	-0.357214739536355	-1.31599687399004	-1.61703910000544	0.962430486252829	-0.0216533571738147	0.0753826449750002	0.726237967791023	0.208720182504381
714	-0.61964743212935	-0.276711562610455	-1.14732220466658	-0.711361750443035	-0.9537079030813	-0.986152505577465	-0.961410123647186	-0.00385111028294302	-1.39781403911947	-0.492904703752067	0.481503992145545	0.33406047095195	0.709440942967011	-0.185912081019398	-0.707510640160092
715	-0.232065958543649	1.56413514268396	-0.730265777604397	1.03158545078465	-0.635077024809253	0.694640956687541	-0.319388099832807	0.157844462488223	-1.38752250078092	0.0378897587686844	-0.767716411704163	0.403011066265604	0.869494185996424	-0.41087767777159	0.873740988296428
716	-1.21111650916746	-1.9701039268374	-1.87337995508377	0.544159417301583	-1.06645057546317	-1.77611804877877	-1.23493236265904	-0.0842408935979387	-1.33546841434421	-0.733615628812347	-1.66985855001528	-0.144665933704292	-0.193985878058633	-0.638447592424731	0.628400310899522
717	-2.11258716600416	-6.65027742225294	-2.10621148627217	-0.412532643448736	-2.01536493499139	-6.83977767280099	-3.16072878402643	-0.57268192451752	-1.34648465520507	-2.3301126159464	1.5656524398375	-0.0972222310127656	0.189500250548055	1.05451729775426	0.160149281068784
718	-0.222629068494268	-1.15927254680653	-1.14667700599408	0.903527615850367	-1.01724376708994	-1.07291408337775	-1.0304599785489	-0.00660810572948112	-1.48381698064497	-0.53144891451426	1.19627606814906	0.794614698595675	-0.0863584634287777	-0.116217027445176	0.910135721579849
719	-0.970237338181314	2.50655492492635	0.753173184992129	0.442338512223401	-0.273839514164498	2.88923008273922	0.477105620604947	0.375472567384723	-1.47354440821329	0.717972045086229	-1.13480609783649	-0.696397824016816	-0.38267515781287	0.276067564387181	0.0668659448386782
720	-0.578827621471311	-0.979012484525405	-0.359208492772013	-0.0795194255115687	-0.935384263914519	-0.986386550522874	-0.947492276900807	-0.00605400649314405	-1.36447504593948	-0.488631257258885	0.641033562693261	0.356556642443208	0.00737406599746951	0.588283784128794	-0.0734654190184246
721	-0.624738752838557	0.569949952388212	0.525539951200162	0.0774732021983806	-0.523105276496039	1.19983831826336	-0.114060631788615	0.204522322353712	-1.35502283355406	0.201265431160264	1.48382055047628	-0.101633476342518	-0.629888365875148	0.639600582988777	-0.127049120155331
722	0.0622096843349383	6.18053922815345	1.60884444946341	-0.00872186324535584	0.372354162930228	5.82002410495561	1.66568642393636	0.646666130503064	-1.29115130475863	1.66495943852052	-0.24064906839223	-0.31014447859529	0.360515123197833	-0.0568419744729453	-0.65538799374842
723	-0.451283343622353	5.50031677720295	1.63091434555312	0.169595095737791	0.21592975779831	4.45391584150425	1.22207080075732	0.503070521479505	-1.11337191951577	1.25781442627624	-1.79483484972235	-0.667213101420663	1.0464009356987	0.408843544795796	-0.333475425741714
724	-1.09962390048218	-0.957738657522109	-1.30237028708115	0.984576501800061	-0.853401411368145	-1.70086268746627	-1.05459695617167	-0.100597772401762	-0.97418972549027	-0.662801866073737	1.54176011092487	-0.24622248911403	0.743124029944164	-0.247773330909478	1.08517427420182
725	0.177569296025891	3.33327794575057	1.13108144031056	-0.787620031322272	0.0885079186307785	3.41152234219096	0.87742541310254	0.394458747235881	-0.99235654953967	0.94523843145851	-1.54480469334088	0.0890613773951126	-0.0782443964403859	0.253656027208018	-1.18207877855815
726	0.0285981518960053	-1.49595471755655	-1.26482674466552	0.12218358884909	-0.828335135127121	-1.83824387857818	-1.06809737860198	-0.11988112173743	-0.882259577246405	-0.694090105028226	1.98553453456128	0.856933287023126	0.342289161021635	-0.196729366063544	0.24206471058652
727	0.636556600345204	5.325503711396	2.1996828885987	0.485786925650789	0.375023633068539	4.69524776404713	1.4006887511297	0.512832559030581	-0.906159184779699	1.36085344003588	0.269364175120468	0.261532967276665	0.630255947348867	0.798994137468999	-0.0270456333797917
728	0.0954044064365556	5.4576353943626	1.63987926750434	0.314766668388205	0.520160453247573	5.06038638676787	1.59805617457584	0.538947860664133	-0.766124011059028	1.49413227115276	-0.0771675265620684	-0.424756046811018	0.397249007594727	0.0418230929285024	-0.224181192275928
729	0.647209105435347	4.38708788278703	2.21734771776644	0.138523431762747	0.455249768057797	4.28078968513994	1.36347176662755	0.454110999284875	-0.620461251113356	1.26755151747542	0.329483092051748	0.19195933737755	0.106298197647096	0.853875951138893	-0.315587567522127
730	1.18157570295208	5.4672678956309	1.20929817480761	0.469759263377676	0.633143997314879	4.87364623132038	1.63988219915848	0.503369100921801	-0.497929977707023	1.47027945777962	-1.77469218711168	0.548431705637201	0.593621664310513	-0.430584024350873	-0.0336098375441248
731	-1.23634208156884	-1.80190351998731	-0.787964456628633	0.0954510464740478	-0.439158090156076	-1.28261119577696	-0.639402253827657	-0.10012208183579	-0.363640572481338	-0.451440675110017	-0.192412574763627	-0.797183991412763	-0.519292324210344	-0.148562202800976	0.195573128309838
732	-0.552134181211427	-2.09504981337348	-0.691819970513009	0.458795314829852	-0.537095257194885	-1.74061793141474	-0.822823563978386	-0.14286415339175	-0.386614838063729	-0.598709182362643	0.572591374300469	-0.0150389240165423	-0.354431881958743	0.131003593465377	0.601659468221602
733	-0.182897513783989	0.629472198090167	0.247823542223667	-0.289743061333665	-0.179284592854021	0.281201131869441	-0.0699604960106052	0.0546620484217077	-0.420464915397504	0.0337531101740909	-0.709529375949338	-0.00361292092996834	0.348271066220726	0.317784038234272	-0.344405109755373
734	-0.497989807519018	-2.91087652718941	-0.964806979644761	0.1276914273214	-0.59237271075883	-1.98923859403784	-0.924002641917485	-0.165814965579328	-0.40292326421583	-0.679151576792656	-0.181444400245378	0.0943829032398122	-0.921637933151576	-0.040804337727276	0.293506392900728
735	0.172924008371011	-1.97619062301048	-1.55569423250462	-0.415778912615224	-0.678271980359813	-2.33323099112766	-1.07117581258894	-0.196451916114562	-0.44258114746138	-0.792680819358768	1.00452521302748	0.851195988730823	0.357040368117182	-0.484518419915679	-0.219326996500662
736	-0.626057123815346	1.36213194062617	-0.470811795659889	0.201409617841866	-0.0600353694112228	1.12693147256305	0.221762701335979	0.140899035373601	-0.489847393553037	0.291112475604591	-0.875572942496246	-0.566021754404123	0.235200468063115	-0.692574496995867	0.0605105824682651
737	-1.38633237927788	-2.137988651061	-1.16275867280975	-1.05452886720698	-0.575644355887446	-1.76179924501949	-0.857249354684516	-0.140802499398535	-0.449427921900135	-0.613571714452114	-1.82786221901687	-0.810688023390432	-0.376189406041518	-0.305509318125238	-0.913726367808448
738	-1.37814938879165	-7.00135537710468	-4.06550281047146	-0.934155192991604	-1.63537758370384	-7.35614327129048	-2.9935449536728	-0.679083684984484	-0.482237204978119	-2.38007676202378	0.582889668382773	0.257228194912184	0.354787894185799	-1.07195785679865	-0.25507150800712
739	-0.960156212555863	-5.21375734254808	-1.74162869961672	0.422651651336634	-1.2315721498167	-4.67899733983231	-2.05002547956755	-0.409226664875424	-0.654084856635928	-1.55917941743862	1.12951787164267	0.27141593726084	-0.534760002715761	0.308396779950834	0.831878316212058
740	-0.386503575655062	-1.91486459820966	-0.537426345435956	-0.217404227859678	-0.519426882221082	-0.556616383716771	-0.528255799325516	-0.00441445855221728	-0.754707668715838	-0.273743604052092	0.126489086654028	0.132923306566019	-1.35824821449289	-0.00917054611043979	-0.212989769307461
741	-0.207706275328213	1.05003540422684	-0.703904565672276	-0.386557634301313	-0.426131093767161	-0.0702133414967308	-0.341632381901134	0.0422493559330137	-0.749755386590861	-0.119880156992856	-1.56746856704054	0.218424818438948	1.12024874572357	-0.362272183771143	-0.428806990234327
742	-1.46592801624186	-5.24594846000584	-2.04408686763866	-1.08714637379411	-1.33753051545441	-5.01525510733078	-2.21065922250572	-0.436564353525654	-0.732766835463508	-1.67536070833411	1.07601654936055	-0.128397500787452	-0.230693352675062	0.166572354867055	-0.65058202026846
743	-0.400893331529776	-1.16896973002754	-0.192312109538672	0.0115860921005194	-0.653193823606284	-1.023170473294	-0.741029741537174	-0.043917958965445	-0.83982904226019	-0.431808088140148	-0.112114501128495	0.252300492076508	-0.145799256733543	0.548717631998502	0.0555040510659644
744	-0.818406158779567	-1.20529243625978	-0.163526123308877	0.473401827569067	-0.696112639938492	-1.24010919935636	-0.825262639730714	-0.0645749998961108	-0.844412578036035	-0.500741780454628	0.95368844909155	-0.122293518841076	0.0348167630965833	0.661736516421836	0.537976827465178
745	-0.0745282474984943	2.06943759802074	0.0386136714762982	0.152965440245627	-0.107472917716508	1.95051821664421	0.381115232097309	0.244294074906909	-0.854304993569043	0.503020846682385	-0.816553003325601	0.0329446702180135	0.118919381376536	-0.342501560621011	-0.0913286346612818
746	-1.22858549905785	-0.209307825913523	-0.602901057251866	0.596422415422779	-0.586647214217301	-0.830415293329069	-0.644519961515387	-0.028936373649043	-0.784184413313712	-0.363834241311455	-0.00937061888016056	-0.641938284840545	0.621107467415546	0.0416189042635213	0.625358789071822
747	-1.04161565350218	-1.2994607440134	-0.542918303395496	-0.35215954507106	-0.571227520296358	-0.744182348623512	-0.612288486599574	-0.0205304831516079	-0.785340185314096	-0.33682143606047	-0.507105798160297	-0.470388133205823	-0.555278395389883	0.0693701832040779	-0.331629061919452
748	-1.13517442096841	-2.89160821474584	-1.21254055497144	-0.465487908274184	-0.850582154411064	-2.24753319479027	-1.18223217841496	-0.165825012001949	-0.784311239396831	-0.810245090614719	-0.437808225802345	-0.284592266557344	-0.64407501995557	-0.0303083765564818	-0.299662896272235
749	-0.715252236362076	-3.11072286055414	-2.25894127722892	-0.113531812515236	-1.07881171510229	-3.36503210252498	-1.62158324762308	-0.271385766260396	-0.820891788281667	-1.16702880735559	0.264438743150807	0.363559478740211	0.254309241970842	-0.637358029605844	0.15785395374516
750	-1.02954783983574	-2.20184756641914	-1.06529804033749	-0.477060770442799	-0.883656063566579	-2.12873629415776	-1.17925039148942	-0.147797163961423	-0.88449529613775	-0.785887183469226	-0.713697933043523	-0.145891776269165	-0.0731112722613751	0.11395235115193	-0.329263606481377
751	-1.87421290583109	-4.22995289990645	-1.61611252493414	0.211189557077444	-1.27381060499567	-4.13207005617254	-1.95238995529503	-0.33928967514968	-0.91560132108825	-1.42099639816583	-0.107656212755062	-0.600402300835421	-0.0978828437339099	0.336277430360888	0.550479232227124
752	-2.0762967678833	-4.05604212544156	-1.87476629162206	-0.794831357664088	-1.29155386291744	-3.98944042840556	-1.93205904493042	-0.32025259100649	-0.996013039465357	-1.38655297110431	-2.11340401951106	-0.784742904965864	-0.0666016970360053	0.0572927533083609	-0.474578766657597
753	-3.61358856014145	-10.2686740638427	-3.77540517415954	-0.847846204229555	-2.49429467239608	-10.2274756914064	-4.33022956615379	-0.917967446878854	-1.07084872418886	-3.36130169350493	-0.332082917904865	-1.11929388774537	-0.041198372436312	0.554824391994246	0.0701212426492986
754	-2.13310132067287	-10.0644415752531	-4.00655483167646	-1.49243017358319	-2.60037340171203	-10.1198690701801	-4.38557716141759	-0.892601879852783	-1.2997643983693	-3.3572544420593	0.821617090025848	0.467272081039154	0.0554274949270036	0.379022329741129	-0.599828293730405
755	-2.36340056334999	-5.08779675682393	-2.52548404102011	0.15530372627283	-2.02074919135495	-6.35450794097681	-3.0496267736461	-0.514438791145577	-1.52026701516457	-2.19991190782753	-0.0844133078236575	-0.342651371995041	1.26671118415288	0.524142732625995	0.669742517418408
756	-2.18744388018068	-6.10470655460219	-2.11870801373756	0.183042669377872	-1.99787598155244	-5.87407643472807	-2.91812456568136	-0.460124292064459	-1.64112303830988	-2.06433402486843	0.499898087821291	-0.189567898628237	-0.230630119874125	0.799416551943801	0.643166961442332
757	-1.59835925380086	-3.46362173484494	-1.56410429096673	-0.671381428472025	-1.63050557434629	-3.58796001924472	-2.09522445127747	-0.232359438465591	-1.74694687322033	-1.3580025345603	0.429643958271979	0.0321463205454262	0.12433828439978	0.531120160310738	-0.439021990006434
758	-1.57203211851242	-0.989074599723465	-2.74618382365617	-0.786464188889479	-1.31807871625677	-1.77385586027317	-1.42628422705552	-0.0541027553993741	-1.79297220187094	-0.792558322832289	0.357758407381796	-0.253953402255647	0.784781260549707	-1.31989959660065	-0.732361433490105
759	-0.575456967634515	-0.872219046006447	-0.691472660788029	0.634914288916961	-1.05953178182777	-0.386713648852275	-0.899797380502508	0.0798672006626325	-1.792494293331	-0.355544083167265	0.651297020636645	0.484074814193258	-0.485505397154171	0.208324719714479	0.555047088254329
760	-0.267321907363694	1.62369031143064	-0.0922541994776017	-1.20738438076256	-0.636878628227852	1.77920860203092	-0.0632745558164283	0.286802036205712	-1.75734977721903	0.331307345786106	-1.34526964424746	0.369556720864158	-0.155518290600277	-0.0289796436611734	-1.49418641696827
761	-0.750189360032685	-2.59484383752739	-1.17673091753956	-0.738470489056422	-1.40976067186332	-2.63324274083969	-1.70022712249718	-0.145233225316931	-1.66893581773778	-1.04709303303996	1.09470042865005	0.659571311830631	0.0383989033122946	0.523496204957613	-0.593237263739491
762	-0.117041343242215	0.512979915255089	-0.000594448361701028	0.45042416381353	-0.712209197655276	1.18436789196398	-0.261942098208908	0.225133549723184	-1.69304349081533	0.152316698914078	0.404491254353353	0.595167854413062	-0.671387976708892	0.261347649847207	0.225290614090346
763	-0.399120808061009	2.75777721505613	0.657357001372076	-0.0630800156354979	-0.448030304606595	2.39032941037695	0.225825474244411	0.336927889425503	-1.62110820624584	0.541576283376023	1.19442431652231	0.0489094965455863	0.367447804679185	0.431531527127665	-0.400007905061001
764	0.293258624490765	6.63619026671658	1.157190140208	0.308873694543255	0.273505109013577	5.96869327457077	1.62560076991917	0.676047830452795	-1.52082226583027	1.68184297156073	-0.821791969665965	0.0197535154771872	0.667496992145811	-0.468410629711169	-0.36717413590954
765	-0.167130346940007	2.68929177996062	1.03052656241425	-0.44115676847967	-0.222950780589669	2.7484207768587	0.482483258742746	0.352717019666208	-1.33358437732025	0.69186670473869	0.794153199022137	0.0558204336496625	-0.0591289968980802	0.548043303671502	-0.793873788145878
766	0.766456125724814	5.70498909988487	1.48669923546408	1.2989318447828	0.253935370546788	5.00764757888646	1.38251504042416	0.564289834938684	-1.23153424846577	1.41683323328696	0.597489710940038	0.512520755178027	0.697341520998413	0.104184195039923	0.734642009844121
767	1.10709878299996	5.21880382901017	1.81117467874159	0.144712768665845	0.597274431809357	6.39007814500097	1.97254486405179	0.687635216121216	-1.07555470278197	1.8726396208983	0.00589716790388417	0.509824351190602	-1.17127431599079	-0.161370185310198	-0.542922447455371
768	1.48201494260951	5.9163432032346	1.78377101084007	0.717234492960953	0.578507202302601	5.73705450196879	1.80319869812353	0.612345747910466	-0.888913881587394	1.69127282671235	-0.610836124030282	0.903507740306908	0.179288701265804	-0.0194276872834623	0.104888745050487
769	-0.402010382077448	2.78283404739111	1.11298510542192	-0.75827642579942	0.195960831657215	3.19242275486798	0.907351378188404	0.355695273265595	-0.72326467199849	0.911309420010838	0.53298551076681	-0.597971213734663	-0.409588707476874	0.205633727233517	-1.11397169906501
770	1.19902942947407	4.84782564038386	2.30806478712969	1.13918741723175	0.503528391099189	4.55460696150466	1.46529554445184	0.480883576676324	-0.625372486326828	1.35316398877656	0.463041729744634	0.695501038374883	0.293218678879197	0.842769242677851	0.658303840555426
771	0.986541282035584	6.58713394741715	2.28367711014628	0.782044592322581	0.758610836156969	5.5413942390478	1.89409206132131	0.567740612582169	-0.495873000131041	1.68088931964354	-2.09386955256785	0.227930445878615	1.04573970836935	0.38958504882497	0.214303979740412
772	-1.66043047608855	-2.00750784693237	-0.0896396318399042	0.769310204569862	-0.506921303825907	-1.70186865106134	-0.790613754995818	-0.141846225584955	-0.34494131915157	-0.581069164888658	-3.1836421270466	-1.15350917226264	-0.30563919587103	0.700974123155913	0.911156430154817
773	-2.6026584814064	-11.8350331754569	-4.63445632621635	-0.999621891366658	-2.3705093141971	-11.6101120518127	-4.56408415729569	-1.09678742154929	-0.378864502449314	-3.70660437544639	-1.43301637455661	-0.232149167209292	-0.224921123644269	-0.0703721689206611	0.0971655301826362
774	-3.03766762666845	-15.1755024626149	-4.9857637832403	-1.07676285460496	-3.13151862463126	-14.8664264796318	-5.91750400196362	-1.39299268866618	-0.659645691183397	-4.76896031245837	0.400937715614423	0.0938509979628132	-0.309075982983148	0.931740218723313	0.316229834061217
775	-3.06345565930266	-11.0507215928622	-4.67797463880832	-1.83576867336305	-2.78092447665188	-11.9326459600099	-4.95363521551852	-1.08635536943332	-1.01481521089461	-3.89112656559811	-0.117154482101663	-0.282531182650775	0.881924367147751	0.275660576710204	-0.749413303929735
776	-2.73370888082159	-11.068137485657	-5.13297418262342	-1.18986615178049	-2.74950376564778	-10.9563066196709	-4.6978811936973	-0.974188714024758	-1.28776097962249	-3.61916839113996	0.389075807039256	0.0157948848261849	-0.111830865986021	-0.435092988926123	-0.215677437755728
777	-1.99192361895464	-8.0323777837793	-2.86757411178946	0.210526858627538	-2.42012502665814	-8.47215867936648	-3.85693841446284	-0.71840669390235	-1.5294746206237	-2.86817574498671	-1.07159458054116	0.428201407703497	0.439780895587181	0.989364302673384	0.928933552529888
778	-2.12443090788174	-11.1033145145142	-5.12617989004644	-0.21751425181862	-2.96625346119477	-10.8916550681195	-4.84782325699254	-0.940784897898884	-1.70304172209227	-3.65295275102919	0.682616043989778	0.841822553313032	-0.211659446394658	-0.278356633053904	0.723270646080264
779	-3.19667544055448	-6.63915286428293	-3.96600085938798	-0.388188719982148	-2.45567980401573	-7.46987938197036	-3.64610077376835	-0.595210484876309	-1.93275705574295	-2.6050414319365	-0.0272033356124969	-0.74099563653875	0.830726517687429	-0.319900085619626	0.207021764894161
780	-2.78169129451408	-7.1250009892956	-2.38637598579729	-0.40240108280664	-2.38336873017434	-6.67194404103241	-3.40151912839517	-0.509075199110414	-2.07118511389864	-2.37174062435534	-0.779614021217242	-0.398322564339743	-0.453056948263184	1.01514314259788	0.106674116303774
781	-3.65884164783392	-8.45724198485278	-3.91840006667928	-0.977104145773979	-2.75850810894638	-8.34635586096655	-4.08511886377088	-0.663305377412247	-2.18620408707698	-2.91418058313705	0.105336188668347	-0.900333538887542	-0.110886123886229	0.166718797091596	-0.313798768361732
782	-1.70926376521853	-7.48158703340945	-2.84974499380215	-0.336417008027565	-2.59695971818128	-7.02307575617012	-3.64776358585397	-0.525401933836347	-2.34020788142422	-2.517426336155	-0.738073985602036	0.88769595296275	-0.458511277239329	0.798018592051818	0.188984925808783
783	-3.64082692395093	-9.92256828779275	-4.51724983556061	-0.577530312511458	-2.93990580220893	-8.51851616935037	-4.26432342025427	-0.662208809022671	-2.45727957829287	-3.00375768814154	-0.0664614232242939	-0.700921121741998	-1.40405211844239	-0.252926415306341	0.0846784965112131
784	-3.42904374328458	-8.17074358050325	-3.94394235391317	-0.906578297200973	-2.87344081726318	-7.71320924949463	-4.02244985173058	-0.574504517233699	-2.6088104930693	-2.76984334255168	0.51478041469411	-0.555602926021404	-0.457534331008623	0.078507497817411	-0.332073779967275
785	-3.14821716892726	-4.36649051589736	-3.60263351775471	0.411104792182556	-2.46589384526651	-5.14685922109963	-3.10238119876031	-0.318243676746904	-2.73642046197994	-1.9780785936024	0.0755105907381823	-0.682323323660756	0.780368705202262	-0.5002523189944	0.72934846892946
786	-1.01211053808314	-4.04102826326912	-3.31824298736714	0.807816733108375	-2.33288895472876	-4.25424116005548	-2.78903645337055	-0.228073749320897	-2.79668143095793	-1.70476014350398	1.00557961384699	1.32077841664562	0.213212896786361	-0.529206533996587	1.03589048242927
787	-2.12267855551613	-0.171770485849544	-1.68695786419646	-0.21368893275997	-1.65498532667758	-0.505665702445749	-1.38212432171378	0.136430502481902	-2.83312042418537	-0.528704515306588	-0.605101666702782	-0.467693228838548	0.333895216596206	-0.304833542482686	-0.350119435241872
788	-2.66134953677608	-3.00070244815102	-0.862928737539711	0.739218158884252	-1.9538394657509	-2.2828580339168	-2.03195089091355	-0.0390557125813242	-2.77493405614188	-1.08093573047871	0.375331961502902	-0.707510071025178	-0.717844414234219	1.16902215337384	0.778273871465576
789	-2.33195187393576	-1.04725485205359	-1.01275457709369	-0.131110550103951	-1.66225590370702	-0.753273566051816	-1.44645341983152	0.107901241937747	-2.76263215558625	-0.597510195927938	-1.17911846137729	-0.669695970228742	-0.29398128600177	0.433698842737835	-0.239011792041698
790	-2.205761164418	-4.33906129170276	-2.02656409878003	-0.703437501309193	-2.3001142582438	-4.32759774868108	-2.7814584228707	-0.240672082313447	-2.71239819084789	-1.71687763771243	-0.175305371614202	0.0943530938258046	-0.0114635430216783	0.754894324090662	-0.462765418995747
791	-2.07342104891889	-4.27512104067361	-2.94845625147623	-0.0422546633382475	-2.32138658591598	-4.32236710856188	-2.79643866527196	-0.237526039677991	-2.75277817979372	-1.72049524555539	-0.775618038341498	0.247965536997091	0.0472460678882744	-0.152017586204269	0.195271376339744
792	-3.03234149403175	-5.35326606212606	-2.2360535687142	0.203128627483024	-2.69675145165568	-6.22220525330247	-3.53372886469065	-0.418488706517482	-2.79201790301292	-2.32406375934135	-0.910231253567692	-0.335590042376067	0.868939191176411	1.29767529597645	0.621617334000507
793	-3.08325158187837	-8.84323470455674	-4.27493746151916	-0.479314131225433	-3.1380504735198	-8.33852215071426	-4.37269401208755	-0.617321769283875	-2.87777258677016	-3.00188863697491	0.752668470832393	0.0547988916414217	-0.504712553842485	0.0977565505683842	0.138007638058442
794	-1.20017921464612	-5.83182188057827	-3.34178788390718	-0.77402814217825	-2.58039225727293	-4.93962307446726	-3.14049648796546	-0.280052115346265	-3.01429132586877	-1.94903130244502	0.320216415453165	1.3802130426268	-0.892198806111012	-0.201291395941721	-0.493976026831985
795	-1.91962140635618	-3.33406290941812	-2.29496761143047	0.751015526032806	-2.29871131961782	-3.28440640283826	-2.53272428510399	-0.117006482743083	-3.06242461958373	-1.43391175674736	1.01792152389658	0.379089913261644	-0.0496565065798571	0.237756673673513	0.868022008775889
796	-2.26159474037216	0.240458342737616	-1.60156932299867	0.417666203780891	-1.6148854010296	0.40457983311677	-1.13544296733181	0.239721216848893	-3.06797416416509	-0.272599057176045	-0.724478276333019	-0.646709339342557	-0.164121490379154	-0.466126355666858	0.177944986931998
797	-1.64850733324145	-1.84505646476415	-2.17912768425375	-0.0920963880161225	-1.98587684468855	-1.8447371155535	-1.95236787645944	0.0167544841145567	-2.98116031423304	-0.96981742779146	-0.558050976899837	0.337369511447105	-0.000319349210653648	-0.226759807794312	-0.108850872130679
798	-2.53290273545894	-3.67485942057185	-2.45668347769405	0.713348106480536	-2.24495402925079	-3.32020223304667	-2.50022784537586	-0.127636908062531	-2.95274973426606	-1.43088666191215	-0.221327104452494	-0.287948706208147	-0.354657187525174	0.0435443676818079	0.840985014543067
799	-2.50198224150954	-3.50057289752928	-2.88096291526418	0.728075161032172	-2.29555392317584	-3.56477439960279	-2.59687871204001	-0.150662394432087	-2.96193604673557	-1.50912510017343	-0.715802754332858	-0.206428318333703	0.0642015020735092	-0.284084203224171	0.878737555464259
800	-1.97712196255505	-5.44842249937194	-3.48403596696944	-0.418751035577249	-2.63660363975825	-5.35182949970096	-3.28122469963292	-0.322310529937331	-2.97700700555725	-2.07401534448895	-0.25053670862308	0.659481677203203	-0.0965929996709806	-0.202811267336527	-0.096440505639918
801	-2.88550273082307	-6.00677416435379	-2.78152134145002	-0.311288078318013	-2.69023355580048	-5.46418980674739	-3.34879778404988	-0.329282114124697	-3.03637756791084	-2.11715051866313	1.78352353455946	-0.195269175022589	-0.542584357606406	0.567276442599858	0.0179940358066842
802	-2.69747758074606	1.36385638327225	-1.29864552966028	-0.305304149408157	-1.53960211674483	0.894994565406684	-0.961603276924499	0.288999419910167	-3.09707287388176	-0.121911932237358	1.39641470597917	-1.15787546400123	0.468861817865566	-0.337042252735777	-0.594303569318325
803	-1.25953673146224	5.25479594029017	0.285355330555851	0.100997361965462	-0.659680022023617	5.3254252479531	0.761245367510353	0.710462694766985	-2.99727118789955	1.28669396696555	2.05554461283984	-0.599856709438619	-0.0706293076629286	-0.475890036954503	-0.609465332801523
804	-0.322673099777651	10.365946188705	2.24722083573276	1.38431435055973	0.577894101363046	11.356331394156	3.13680483548011	1.27945536705853	-2.78920377700323	3.21356918310883	-0.084516736124105	-0.900567201140697	-0.990385205450979	-0.889583999747355	0.104858983501199
805	0.105758016143016	9.67284626743261	1.9253542638811	0.848210669080653	0.505551507852747	9.92146339473746	2.74098484022227	1.11771666618476	-2.43556539772425	2.80769552867384	0.543849745690898	-0.399793491709731	-0.248617127304848	-0.815630576341169	-0.269505997104108
806	1.29816948265715	10.7813393574773	3.03256105220347	1.47588572268781	0.807442645257862	10.6287566006533	3.13912242066075	1.16583988770144	-2.12663967791271	3.07077572149736	-0.945698337605722	0.490726837399283	0.152582756824042	-0.106561368457279	0.310045834986368
807	0.604842844054624	5.67446640606071	1.89824651877854	0.82887568564485	0.218025651022836	6.51970909213326	1.71410950662715	0.748041927802158	-1.80775477094856	1.8179998117419	0.788706937920402	0.386817193031788	-0.845242686072552	0.184137012151385	0.0808337578426917
808	0.810842661887119	7.95562936779267	2.07020811174372	0.093765522161629	0.675418899193878	8.36021087482453	2.49986661594947	0.912223858377797	-1.59956817437151	2.42490676848811	0.144317453429542	0.135423762693241	-0.404581507031861	-0.429658504205757	-0.818458336216168
809	0.624345927725136	7.45254663608389	2.06703015386862	1.2299579129722	0.73537375916177	7.94548159947816	2.44712658895157	0.855876414894902	-1.35057369814161	2.32673354506884	-0.564799199136558	-0.111027831436634	-0.492934963394273	-0.380096435082958	0.3740814980773
810	0.315360464872627	5.48169911259495	1.74341031047483	0.152314492468991	0.374108013528275	5.31763386904154	1.54775132252341	0.586821654497565	-1.11817231570112	1.5292609914254	-0.0457444869516919	-0.0587475486556485	0.164065243553405	0.195658987951429	-0.434507162028574
811	-0.0464096143598842	4.82464550264681	2.24195898473211	0.90001745370453	0.332912944325427	4.62033508453346	1.35079055529277	0.508938805483669	-0.957277161082551	1.33059040533117	1.12626056580903	-0.379322558685311	0.204310418113351	0.891168429439349	0.39107864822086
812	0.965944008817719	7.51484948511193	2.64581982732062	0.705734975900896	0.986070872068936	7.71561997429682	2.58373403240508	0.798831580168073	-0.81783685494215	2.32379193060708	1.43000957818047	-0.0201268632512175	-0.200770489184886	0.0620857949155424	-0.0930966042671766
813	1.19861288189212	11.3385552154339	4.15092115777218	0.959659118426298	1.7950828096192	11.4292933599941	4.08234185167509	1.14362952102794	-0.604500434211176	3.52142231572685	-0.369527035017973	-0.596469927727083	-0.0907381445602017	0.0685793060970977	-0.183970402601645
814	1.47076861967099	8.68821394765744	2.49630187564249	0.323731205567121	1.51105637246378	9.01375805417965	3.29227359279438	0.890608610165298	-0.303655589356045	2.79975304913619	1.31389822989557	-0.0402877527927944	-0.325544106522203	-0.795971717151885	-0.566877404598177
815	2.14496922167582	12.5528498390501	5.16032927749429	1.87298479129199	2.23258721556256	12.1996148920188	4.5988602292621	1.18313650684977	-0.0707202482676528	3.83367597411814	-0.609014044091319	-0.0876179938867435	0.353234947031356	0.561469048232189	0.689848284442221
816	2.16755359220633	8.30870373818454	4.12234447611622	1.25153154540031	1.79134396198772	8.92223153341749	3.4842885830484	0.846472310530344	0.236038130239508	2.84129433261501	0.992149999201925	0.376209630218615	-0.613527795232948	0.638055893067821	0.405059234869971
817	2.74439366825945	11.3726844259854	4.44730968118763	1.24588004009208	2.31275535514044	11.0800149898127	4.39419115292241	1.04071789889099	0.453192965318957	3.54931489855543	1.59097440687694	0.431638313119011	0.292669436172685	0.0531185282652294	0.205162141201099
818	3.28593141909521	14.9268368594423	5.16217313970664	1.51656117258655	3.16927144569956	14.8939689292916	5.95283275848112	1.39178065639078	0.718863515931302	4.78535781557683	-0.66552882580205	0.116659973395655	0.0328679301507717	-0.790659618774481	0.124780516195764
819	2.18113379908035	10.5353536167935	3.89226117511794	1.38631435662919	2.66093217426085	11.1153429849689	4.66809430082787	1.00358106328351	1.07324115126531	3.6412932082171	-0.376911393446799	-0.479798375180507	-0.579989368175376	-0.775833125709929	0.382733293345677
820	2.43698438070288	8.25146270319523	4.35261019028038	0.608618481552007	2.34186126798486	8.6589225419287	3.8415949554844	0.749866843749774	1.3242936971079	2.90025249394859	1.79003559997125	0.0951231127180216	-0.407459838733475	0.511015234795976	-0.141248362197767
821	3.17466975263405	13.075998381939	5.93441923373501	1.67581114822144	3.31540941046116	13.3449338436359	5.6965192706711	1.19055493010497	1.50765941822842	4.40026284452498	-0.044853672367307	-0.140739657827108	-0.268935461696981	0.23789996306391	0.485256218116472
822	3.87686386827936	11.176399037368	4.81505754551668	0.789466918856842	3.16902186785753	11.6831406731593	5.1903590370608	1.01066858460164	1.80359127886361	3.91538288770518	2.3553561200039	0.707842000421836	-0.506741635791238	-0.37530149154412	-0.221201665744795
823	4.19742500774647	18.4018959509891	7.6132136290033	2.04062862186677	4.44687565008512	17.8152131436219	7.62065326022577	1.58688880507032	2.050580013721	5.87920071893855	-0.861599665114497	-0.249450642338658	0.586682807367179	-0.00743963122246479	0.453739816796443
824	3.51262631891942	12.9212418801329	6.02658140509886	0.58750882714808	3.7768107348337	13.0504437097027	5.97846402646271	1.10082664581451	2.44469584196852	4.4296809819302	0.662827038789876	-0.264184415914277	-0.129201829569845	0.0481173786361438	-0.513317818666425
825	3.64645686911961	13.1811902051471	5.27895062098851	0.971008877264714	4.03240766229106	13.6386505641863	6.31302582197599	1.14030907984247	2.70983953866187	4.64953992252706	1.34907928932539	-0.385950793171453	-0.457460359039236	-1.03407520098748	-0.169300202577754
826	5.05406049955192	16.3825241436359	8.0692103169201	1.04763638086289	4.68448156791314	16.3322859855935	7.44978695259304	1.38265269233995	2.98305981429999	5.53366521959974	0.354363920434591	0.369578931638778	0.0502381580424074	0.61942336432706	-0.335016311477065
827	4.15824957188694	15.7157803392531	7.61524851208013	1.21675231941336	4.72498787679347	15.5623889734286	7.29789522300597	1.28645367310625	3.31679046858232	5.33466261807436	-0.386266600944107	-0.566738304906526	0.153391365824514	0.317353289074162	-0.0697013536928922
828	4.15189165763957	13.4474616866603	5.69660743430074	0.540646605186009	4.32639450801273	12.515891525275	6.2706625945796	0.972134043283432	3.62293043120348	4.41492975532282	-1.02708451520827	-0.174502850373168	0.9315701613853	-0.574055160278856	-0.431487438097423
829	2.99401358071209	7.67248737598131	5.22390973651341	-0.280950153056614	3.56366141554363	7.7617337631019	4.56032491837921	0.49833175141779	3.84525445855527	2.94635226458226	0.255407519337832	-0.569647834831536	-0.0892463871205913	0.663584818134203	-0.779281904474405
830	3.2359315080971	7.22442941644694	5.17667209245676	0.789690330535615	3.58686912342915	7.59667188948678	4.53883549506269	0.475983185816772	3.94316644116893	2.90712455746187	-0.768249796923679	-0.350937615332048	-0.372242473039846	0.637836597394062	0.313707144718843
831	2.60040468637268	4.00286022247992	3.55614120922842	-0.163447171382827	3.00419332780302	4.19709466087435	3.28739883197493	0.141602752085953	4.03450407737688	1.848162304792	1.20962849627395	-0.403788641430348	-0.194234438394429	0.26874237725349	-0.30504992346878
832	3.75934474244964	8.11878312487646	4.22216950524969	0.477293009707511	3.61188912902526	7.44876851050836	4.52280171234965	0.455456291662196	4.03856884196432	2.87297457058675	-0.751134381297195	0.147455613424382	0.670014614368101	-0.300632207099967	0.0218367180453156
833	2.69038622834398	4.54064209719862	2.83552527450993	-0.196340647772366	3.03846668065049	4.11688475717109	3.29449267486003	0.128012997104769	4.12382383367792	1.83454273223088	0.999048816058896	-0.348080452306511	0.423757340027529	-0.458967400350106	-0.324353644877136
834	4.1503824048889	7.28153458459331	3.70481507624587	0.617369146625667	3.52048495467205	6.70613298723215	4.27678861364663	0.378151829487293	4.12365035676525	2.65013727506669	0.711181215535374	0.629897450216852	0.575401597361167	-0.571973537400763	0.239217317138374
835	4.0100790511681	8.30460992489347	4.46957084661212	0.120518813327399	3.81480850707498	8.09580573706801	4.83115910236906	0.508175297647039	4.18821242252692	3.09630476309539	0.0943096226642759	0.19527054409312	0.208804187825455	-0.361588255756937	-0.38765648431964
836	4.1812415998449	7.31833116912736	4.87306279302442	0.730167232937937	3.73382174230235	7.37181268043923	4.59751612071924	0.431847189208447	4.28590225539045	2.88098390945013	0.615782824858699	0.44741985754255	-0.0534815113118771	0.27554667230518	0.29832004372949
837	3.84771260063604	8.70566855738112	4.82642897250019	-0.124773025705172	3.96407328966248	8.38014080894052	5.01249087822282	0.524208794280172	4.36305001601667	3.20866834336382	-0.24121493227224	-0.116360689026438	0.325527748440604	-0.186061905722624	-0.648981819985343
838	3.8032269064722	6.79649340831209	4.4982431892551	0.123033769677457	3.67941219585223	6.55419167061335	4.36191241012656	0.341250107137161	4.46347728583976	2.64658657675519	1.65190914221781	0.123814710619962	0.242301737698737	0.136330779128541	-0.218216337459704
839	4.58979082979483	11.1131742846658	5.67859829208896	1.18706726953349	4.52418726353611	10.9365040575438	6.04653453290773	0.761173634685808	4.5157451454591	4.03383706129749	0.442287573573745	0.0656035662587217	0.176670227122014	-0.367936240818763	0.425893634847685
840	5.18238231539312	10.6520557829049	6.65287994297411	0.832075644468424	4.62324494134462	10.9935619340682	6.13562098157053	0.756188020112954	4.67626411826122	4.07274092874148	-0.228115761491716	0.559137374048502	-0.341506151163292	0.517258961403584	0.0758876243554691
841	4.83217063748817	8.92018122665459	5.63085021607505	0.596844136256261	4.32249988014804	8.91108591900025	5.4118749533176	0.544687536584779	4.83419656365639	3.43735107437562	-1.57068570195677	0.509670757340122	0.00909530765433807	0.218975262757448	0.0521565996714821
842	3.91285606378641	3.77535557030688	1.79356302131124	-0.363945882438283	3.23917534905616	2.79139903053765	3.13286712171385	-0.0531541136711553	4.93611879753999	1.52293026498129	1.16769935073588	0.673680714730244	0.983956539769236	-1.33930410040261	-0.310791768767128
843	2.88394834542139	5.93623706434113	4.06423957405425	-0.503853898672844	3.81397844989404	6.03709032465799	4.34176606056402	0.263893805334991	4.88250080336493	2.53833658921905	0.715125526813145	-0.930030104472644	-0.100853260316865	-0.277526486509771	-0.767747704007835
844	4.09176414122217	7.27173152813708	4.10240005244012	0.700504046483375	4.10032698829155	7.48955343918863	4.90496196221828	0.402317486963366	4.91136554139726	2.99962845711029	-0.508242251948581	-0.00856284706938465	-0.217821911051542	-0.802561909778165	0.298186559520009
845	2.6760899367223	4.71232191059079	3.90884563005751	-0.306279512117439	3.6531361205999	4.89715482643067	3.94847709829708	0.14767048884859	4.97582023884204	2.19142335945068	-1.78774245891032	-0.977046183877599	-0.184832915839879	-0.0396314682395706	-0.453950000966029
846	2.44912778229678	-1.67963653609122	1.35471350378202	-0.375560826280642	2.46592838027926	-1.47306292228511	1.53077045851918	-0.467578960880039	4.97385360353176	0.184538564595285	-0.520208719579982	-0.016800597982478	-0.206573613806107	-0.176056954737161	0.0920181345993973
847	2.73176659325489	-4.10672094128227	1.30019512920061	-0.494977393534269	2.07115190475773	-3.1163779635004	0.839578375647961	-0.615786764554887	4.81268069038634	-0.354124011444226	1.74280961625506	0.660614688497159	-0.990342977781864	0.460616753552645	0.120809371020617
848	3.00390255019171	1.97539055365356	3.05775635654001	-1.21802002727348	3.02833540577894	2.61079847018641	2.929206418063	-0.0495644938579735	4.61445422403917	1.42409800595526	0.573722115189423	-0.0244328555872354	-0.635407916532849	0.128549938477014	-1.16845553341551
849	3.21704450502823	3.34881850883488	3.97100777438269	0.382691277953009	3.25954978754881	4.00077227886282	3.43552200214575	0.0879861072984675	4.56436283019285	1.85541032054915	0.860071612875248	-0.042505282520581	-0.651953770027943	0.535485772236946	0.294705170654541
850	3.43365374104028	6.85996169145831	4.37278024991842	0.49388813092981	3.65159051923561	6.14796115059782	4.24425262564122	0.296331053202806	4.5502730664096	2.52994090136949	0.442398294241669	-0.217936778195325	0.712000540860489	0.128527624277195	0.197557077727003
851	3.26789454862792	7.40875950762609	4.41504171117133	-0.191175775557727	3.78247443874278	6.73270757677594	4.48288807309707	0.350206817177143	4.5902152685143	2.71934510547421	-0.482761222189662	-0.514579890114866	0.676051930850146	-0.0678463619257381	-0.54138259273487
852	3.64840983022592	3.62027915873611	4.44695895983255	-0.193069212785259	3.36175179400856	4.31468797603451	3.58798695021183	0.113117578101634	4.64377757622084	1.96464937273712	-1.4141327366281	0.286658036217362	-0.694408817298404	0.858972009620719	-0.306186790886893
853	2.53579034069111	-0.435404742311807	2.07824341576368	-0.721532439466996	2.40582403509796	-0.794890005176489	1.64594069881207	-0.379941668142945	4.63555033621618	0.354051698835308	0.169364724483402	0.129966305593145	0.359485262864682	0.432302716951603	-0.34159077132405
854	2.72389550187331	-1.3106078002984	2.42817248988786	-0.147520354666357	2.42067795900393	-0.313426195209977	1.77157256449149	-0.324552697256223	4.49978932768137	0.488011253435179	0.493868518512664	0.303217542869374	-0.997181605088425	0.656599925396376	0.177032342589867
855	2.38203804218458	2.16759480808701	2.06156846502721	0.173735712600784	2.62674045338787	1.14928932620068	2.27597721301709	-0.17538162018539	4.37945893960908	0.933078646604325	-0.25711231735922	-0.24470241120329	1.01830548188633	-0.21440874798988	0.349117332786174
856	2.05927036732697	-0.138334272882018	2.20839314559255	-0.111937775709604	2.38134081383687	0.0702774515369093	1.83266963959551	-0.274335587120683	4.29870469927387	0.582658464584673	1.22296638768517	-0.322070446509906	-0.208611724418928	0.375723505997036	0.162397811411079
857	3.54384172813395	3.47923797912702	3.48385863080855	-0.248514407742038	3.0197082128586	3.8114797880786	3.20768141132798	0.0939865992346932	4.19299401808045	1.74735900581137	-0.2478494698697	0.52413351527535	-0.332241808951581	0.27617721948057	-0.342501006976731
858	3.11254002774541	2.11499056542896	2.82147754252204	0.356743040765961	2.76539719653194	2.47389359833671	2.69618993594003	-0.0346036302959564	4.1834561623304	1.32477363536053	0.646817059258841	0.347142831213465	-0.358903032907751	0.125287606582012	0.391346671061917
859	2.64526634486873	3.98099451787334	3.18966952282211	0.251366511330232	3.04917320353132	4.12440165890692	3.3044419439746	0.127634370221643	4.14071709823056	1.83911333108332	0.412105811455605	-0.403906858662589	-0.143407141033585	-0.114772421152499	0.12373214110859
860	3.15579347422048	5.019905217557	3.74119150068224	0.924921736377015	3.18386639504667	4.84899388963162	3.57918312274629	0.197658363849811	4.14030921224747	2.0673078094306	1.1529944488506	-0.0280729208261907	0.170911327925388	0.162008377935946	0.727263372527204
861	3.58523297530775	7.73785648654873	5.01696506691762	0.807358276064853	3.7516010054938	7.84565701583474	4.72356987785134	0.485984436178773	4.15802632918207	3.01357147733814	0.830662653126573	-0.166368030186051	-0.107800529286004	0.293395189066271	0.32137383988608
862	3.86121854250155	8.86320523861642	5.98747707592137	0.606515293700163	4.10815948434692	9.4878219599047	5.38534428009708	0.638592397875082	4.25021709634839	3.5428769827309	2.20371033439727	-0.246940941845368	-0.624616721288282	0.602132795824286	-0.0320771041749196
863	5.19562530069654	15.0263403370588	7.31475484442358	2.04097321221432	5.26340458918865	15.3047744741998	7.64732574265695	1.19196057673415	4.3811572179373	5.39229961885508	-0.954313242747037	-0.0677792884921027	-0.278434137141078	-0.332570898233364	0.849012635480174
864	4.70567649458105	9.55693880069521	6.67375604779123	1.72959151776917	4.5099697085219	10.4503464156617	5.92027359174479	0.705151941611443	4.65424764934386	3.89875641422254	-0.69692017441023	0.195706786059152	-0.893407614966444	0.753482456046446	1.02443957615773
865	3.49792772707663	5.78022001149057	4.76523205780237	0.346298240756696	3.93622295801155	6.94023625879657	4.64940447783021	0.356590759909329	4.79915011850181	2.81196059839005	-1.80686360025974	-0.438295230934922	-1.16001624730599	0.115827579972159	-0.0102925191526328
866	2.20966728270742	1.2568797060988	1.89828546094476	-0.718008230775378	2.72732808345408	0.289350459584464	2.14852600171451	-0.289401040869786	4.85267727200918	0.723900938291305	-0.474873251076274	-0.517660800746658	0.967529246514337	-0.250240540769744	-0.428607189905592
867	2.84226402687029	-1.53717679787211	0.888543337178043	-0.557299785983097	2.34978101376961	-1.40076099267627	1.45936293404333	-0.44520903986314	4.73859410169856	0.1766375933859	-0.490084788817677	0.492483013100685	-0.136415805195842	-0.570819596865283	-0.112090746119957
868	2.67961159249184	-2.58540833410346	0.0858857889967495	-1.54360927219755	1.97692134523872	-2.94911957070898	0.807428007394685	-0.584746668922015	4.58511022433919	-0.331110954770367	-1.62996414293856	0.702690247253129	0.363711236605521	-0.721542218397936	-0.958862603275532
869	1.41595227653428	-8.25122904266228	-0.608074031521138	-0.591636358809168	0.94376467363825	-7.94050091841676	-1.16545110043547	-1.05460788703686	4.39675447946298	-1.92796400223189	-0.607967636862906	0.472187602896031	-0.310728124245512	0.557377068914331	0.462971528227691
870	2.08131843297133	-10.5376815651269	-1.14356901394226	-1.03706461897984	0.552206285568662	-9.13082511132555	-1.74664445383375	-1.1494253697012	4.08832309451599	-2.34313523887161	0.945500188902742	1.52911214740267	-1.40685645380135	0.603075439891483	0.112360750721362
871	0.763779537208399	-5.60483834981921	-1.34394141856975	-1.27171298423087	1.09300140796402	-5.248603314305	-0.41256079841959	-0.752781103191803	3.75784438936995	-1.1633215260817	0.320619860835087	-0.329221870755617	-0.356235035514205	-0.931380620150163	-0.518931881039063
872	2.05603211152344	-3.76119708384756	-0.0152376238114578	-1.4972712078061	1.24459308328853	-3.76825669670321	0.0544907877871036	-0.595051147750712	3.53268319677808	-0.726369512638448	-0.253507998449158	0.81143902823491	0.00705961285564404	-0.0697284115985614	-0.902220060055384
873	0.985957745005741	-4.44814758841732	-0.0715121698818048	-0.613074145984282	1.05119137882066	-4.26689319812125	-0.21137667942545	-0.631284029123056	3.35015969944105	-0.907240559823761	1.82440825888645	-0.0652336338149217	-0.18125439029607	0.139864509543645	0.0182098831387744
874	2.68025506822423	1.49760492595117	1.09902072265173	-0.346103225060671	2.09299906034208	1.89168816202276	2.04520479089756	-0.0238971347222581	3.15973337700199	1.00789175504507	-0.755699295451156	0.587256007882152	-0.394083236071587	-0.946184068245835	-0.322206090338413
875	0.754589259224109	-0.875033867736796	0.840671463578453	0.102873145822524	1.57170456164765	-0.814187128104803	1.00526876862404	-0.283217896511808	3.12803224662751	0.151403284089406	0.927218546745015	-0.817115302423543	-0.0608467396319926	-0.164597305045583	0.386091042334332
876	0.985150551576589	2.66073763891539	1.11616089269813	0.0171273277590288	2.06413658909885	2.12208163365372	2.07789234021839	0.00687787555977204	3.0294767622592	1.06348150242548	-0.246889762839129	-1.07898603752226	0.538656005261661	-0.961731447520265	0.0102494521992567
877	1.69908366330942	0.835316452368354	2.34645481933017	0.504203518229537	1.84458738991327	1.01008716137712	1.6464676310811	-0.0990598794160852	3.00679188404406	0.710243589343803	-0.954835123351512	-0.145503726603848	-0.17477070900877	0.69998718824907	0.603263397645622
878	1.74066781888213	-3.04388906343537	0.467557211019692	-0.6192888262689	1.21454532531858	-2.22593065595974	0.397740630916269	-0.408402347201157	2.95687426597739	-0.315615892942089	1.15254873368895	0.526122493563547	-0.817958407475635	0.0698165801034235	-0.210886479067743
879	2.64216496191717	1.7641400499698	1.67296708954638	-0.340334888856027	1.85308017490925	1.58676620784791	1.78985362907145	-0.0316132729188981	2.82730414292896	0.868494430041065	-0.113917675234853	0.789084787007917	0.177373842121897	-0.116886539525074	-0.308721615937129
880	0.761432644211378	0.315854113447133	1.8786429950384	-0.105336881824784	1.71971046722437	0.962251210091183	1.53988108136694	-0.0899146929287181	2.79629069455193	0.667727311802105	-0.847216355732184	-0.958277823012996	-0.64639709664405	0.338761913671463	-0.0154221888960661
881	1.38165648386784	-1.59280417797114	0.816869675377982	0.236286777185914	1.15772230397745	-1.92030758126538	0.426966039066048	-0.365378132455702	2.75043970744042	-0.246261775110289	-0.695162087546184	0.223934179890392	0.327503403294242	0.389903636311935	0.601664909641616
882	0.693920711155557	-3.94307966496649	0.620502275436026	-0.483358087933485	0.706035914394775	-4.00064695352115	-0.41137897230417	-0.558707443349473	2.63367102522277	-0.916797685145445	-0.652229841524123	-0.0121152032392185	0.0575672885546527	1.0318812477402	0.0753493554159873
883	0.189127244794695	-5.79986983134828	-1.08512515596705	-1.0635639735208	0.296101679441221	-5.71150643123593	-1.13016593907606	-0.71313380925864	2.46781307575417	-1.47734775815502	-0.964450671033379	-0.106974434646525	-0.0883634001123492	0.0450407831090134	-0.350430164262159
884	-0.104826935888347	-8.32719939232909	-2.21489871396994	-1.06903538516655	-0.283555340957353	-8.2195981802137	-2.16765276554096	-0.942048712291806	2.26333008807942	-2.2940636533729	1.62605077419634	0.178728405069006	-0.107601212115393	-0.0472459484289711	-0.126986672874746
885	-0.11478823863529	-2.38546096603645	-0.275234188875614	0.0337683529167745	0.689028476406168	-2.22080310207454	-0.00179556827595029	-0.345412022341059	2.00125688137209	-0.438606513839275	-0.0941591504783935	-0.803816715041457	-0.164657863961905	-0.273438620599664	0.379180375257833
886	0.17765203237073	-2.00095252631271	-0.949832726601959	-1.65779324635645	0.609281584643808	-2.33678769124189	-0.0901456208295525	-0.34971360273668	1.89570538178593	-0.488905012933741	1.59685041585562	-0.431629552273078	0.335835164929171	-0.859687105772406	-1.30807964361977
887	1.42208931980092	2.93244016163943	1.40136708121852	1.14196972457453	1.53194528424259	2.93156159121402	1.8642277416817	0.166141228719554	1.78989305496023	1.15683590421526	-0.542805412203105	-0.109855964441672	0.000878570425412375	-0.462860660463184	0.975828495854979
888	0.424938266893901	1.52515170257157	1.93280307544152	0.326457126570488	1.15623479660118	0.829315819007966	1.07862033826864	-0.0388072291662711	1.81843476836657	0.498346901590625	-0.59816404206848	-0.731296529707277	0.695835883563604	0.854182737172887	0.365264355736759
889	-0.593192771193236	-1.23269121408736	0.521616223951578	0.463947149941055	0.761483443492799	-1.21757700301919	0.291633929614528	-0.234924756939135	1.79370679463261	-0.149651830636918	-0.61975197086869	-1.35467621468603	-0.0151142110681747	0.22998229433705	0.698871906880191
890	0.671562951573866	-3.32548304335965	0.55198288100206	0.607905564352545	0.368319871954583	-3.1063631425072	-0.456605513794509	-0.412462692874546	1.71842469969131	-0.754438618441916	0.0204617196345953	0.303243079619283	-0.219119900852453	1.00858839479657	1.02036825722709
891	1.153312252823	-2.33301348716121	-1.09888123219581	-0.101669500733975	0.367854643688615	-2.75197266354695	-0.372824375470826	-0.370339509579721	1.59780500363635	-0.658533036963129	-0.0166437399871623	0.785457609134384	0.418959176385736	-0.726056856724989	0.268670008845746
892	0.316759422536256	-3.0457458544219	-0.866268023765466	-1.01396937297576	0.345414310943546	-2.55073847930329	-0.342162084374357	-0.343788197658951	1.48906056195677	-0.609323473253979	0.485397807329103	-0.0286548884072898	-0.495007375118613	-0.524105939391109	-0.670181175316806
893	0.80688354298318	0.489248618343704	-0.138501699854255	0.570678953917617	0.620495571797773	-0.774559216288359	0.28929502916453	-0.165600271316622	1.38806558592527	-0.0629933185994777	-0.968055371641548	0.186387971185406	1.26380783463206	-0.427796729018785	0.736279225234239
894	-1.7244279741795	-3.26918364486581	-1.07522317428647	-0.739905964286446	0.0263797322990975	-3.80535799175495	-0.883313920786203	-0.45484682654265	1.33399996586993	-1.02474935838108	0.36885522404339	-1.75080770647859	0.536174346889137	-0.191909253500264	-0.285059137743796
895	0.234295761724273	-2.64071722056089	-0.571695321573271	-0.28214794072431	0.24410268718322	-2.25589389616029	-0.349422132876328	-0.296762410029774	1.2055160169293	-0.55341919849958	-0.524674864484722	-0.00980692545894672	-0.384823324400606	-0.222273188696942	0.0146144693054641
896	-0.152525871049681	-3.57066385923059	-0.710798688750066	-0.467638654399638	-0.0743259716145102	-3.71001175351449	-0.937474844343229	-0.431574436364359	1.11898076910206	-1.02275214313434	-0.162517473858795	-0.0781998994351706	0.139347894283907	0.226676155593162	-0.0360642180352784
897	-0.308877780421939	-3.17406807586329	-0.858065239634654	-0.305949572959033	-0.16714048466269	-3.85128278064866	-1.04179338366989	-0.437326449503599	0.998255956036651	-1.08299440267971	-0.418914959922932	-0.141737295759249	0.677214704785374	0.183728144035234	0.131376876544566
898	-1.02003435120249	-4.9610404897186	-1.06155673521756	-0.906852421386382	-0.408194806098712	-4.78717306024605	-1.44780873664289	-0.519806965272087	0.877017487619518	-1.39360992233467	0.642700083088659	-0.611839545103783	-0.173867429472543	0.386252001425323	-0.387045456114296
899	0.256548457652951	-1.88561616003963	-0.407376802652634	-1.24124336591141	-0.0130151014271512	-2.24583513386018	-0.543109357843797	-0.265047128208323	0.735412723922878	-0.611548847012541	-0.0846141697543654	0.269563559080102	0.360218973820541	0.135732555191163	-0.97619623770309
900	-0.547754983817236	-1.31518287902036	-1.61342097913268	-0.244988033988563	-0.0621983635073508	-2.28945695162259	-0.590972252605652	-0.264386944549151	0.660881527478302	-0.635008132065652	1.08729536786968	-0.485556620309885	0.97427407260223	-1.02244872652703	0.019398910560588
901	0.243571885031299	1.10818366571809	1.18732260547602	0.249247895494757	0.583090597446552	1.39437834496443	0.775698307543	0.0963038550482238	0.58712306550078	0.515788049010591	-0.527773556653956	-0.339518712415253	-0.286194679246332	0.411624297933019	0.152944040446533
902	0.250302737586351	-0.492306079369469	-0.0578793004980592	0.300065453182621	0.250196504522151	-0.453180509378339	0.0832075026659731	-0.083494500928089	0.607304447487371	-0.0635643125444245	0.749399175675714	0.000106233064199594	-0.0391255699911304	-0.141086803164032	0.38355995411071
903	0.41354213535261	1.25534039045883	0.0982740956130939	-0.563364074317881	0.684363300522986	1.95700649408015	0.986501453099969	0.151069076288492	0.580792323565728	0.692191294385732	-0.80371572666072	-0.270821165170376	-0.701666103621316	-0.888227357486875	-0.714433150606373
904	-0.259353825118997	-0.542698752350782	0.569480670035109	0.982449976026144	0.184671671039237	-0.828443670076155	-0.0558523391756659	-0.120262005107452	0.615197677828588	-0.180743561713561	-0.079550823086507	-0.444025496158234	0.285744917725373	0.625333009210775	1.1027119811336
905	0.316120811242484	-0.4816819524723	0.182563095733598	-0.428769011545633	0.131231101315607	-1.00866644070002	-0.139392271535386	-0.135311686425497	0.57910664413097	-0.242220028628712	0.150071123185922	0.184889709926877	0.526984488227723	0.321955367268984	-0.293457325120137
906	-0.0194137192881353	-0.95370307414057	-0.673638307423654	-0.139018889073941	0.215447261798986	-0.438926395067461	0.0600921737357262	-0.0776775440316297	0.539412317010195	-0.067926902579919	0.141156088231889	-0.234860981087121	-0.514776679073109	-0.73373048115938	-0.061341345042311
907	-0.570566872420641	-0.606987455146566	0.215215403849728	0.114126153046137	0.291310667029926	0.0408744159811458	0.231854404954107	-0.0297281310379092	0.514953849208254	0.0800218759099623	-0.469257439416197	-0.861877539450566	-0.647861871127712	-0.0166390011043795	0.143854284084046
908	-0.473771239104868	-1.32547356317397	-1.46795149023282	-0.961047306553002	0.00358498302139115	-1.46932207700652	-0.346098186467754	-0.174841584744572	0.503101863377576	-0.397237751097231	0.738838333646288	-0.477356222126259	0.143848513832551	-1.12185330376507	-0.78620572180843
909	0.435841925886591	1.35480638380624	-0.37649155246422	0.706866436083579	0.44042977787421	1.02270345852025	0.578667279985052	0.0691187510554214	0.453791264867973	0.38132435765878	0.0555574005992961	-0.00458785198761876	0.332102925285987	-0.955158832449272	0.637747685028158
910	-0.14673990338706	1.42086583591784	0.552405414760651	-0.172842464205313	0.457469166437373	1.07213309338576	0.603396435374251	0.0729636344684391	0.46801406970928	0.398749322492198	-0.351145440711579	-0.604209069824433	0.348732742532079	-0.0509910206136003	-0.245806098673753
911	-0.126511425857356	-0.942282446985323	0.640904261835984	-0.221291806468621	0.233492309679257	-0.175447166865379	0.136405792108067	-0.048543258785595	0.483117045301193	0.00772894953139991	1.06302218388118	-0.360003735536613	-0.766835280119944	0.504498469727916	-0.172748547683026
912	0.398519145505251	3.34512761193016	0.937234996698379	-0.465412452287365	0.853589702524424	3.20357159890616	1.41149897642546	0.278954636950518	0.466652939997028	1.06997823845944	-1.85306807671552	-0.455070557019174	0.141556013024002	-0.474263979727081	-0.744367089237883
913	-0.174395962686509	-2.95600943799475	-1.01141912940089	-1.45609901297124	-0.272589321321442	-3.04715281520294	-0.931298879257434	-0.329354778967996	0.535075906469756	-0.890087662102023	0.0195510315566332	0.0981933586349332	0.0911433772081852	-0.0801202501434562	-1.12674423400325
914	-0.765907625226016	-2.51586556660088	-0.396585724814823	-0.769926827202079	-0.250855021056755	-2.66544916346665	-0.824104191760434	-0.28662458535184	0.445520188427939	-0.781527864335187	-0.743404975086683	-0.515052604169261	0.149583596865768	0.427518466945611	-0.483302241850239
915	-1.08272780142699	-4.62681687360905	-1.79629620318302	-0.472899705465102	-0.680940772688561	-4.7451564160931	-1.64582671582296	-0.482442971567199	0.367745954630574	-1.44678005298835	0.439874130690487	-0.40178702873843	0.11833954248405	-0.150469487360059	0.0095432661020971
916	-1.44514265224389	-2.67297575185076	-1.47694781927205	-0.354704895969317	-0.395978557232842	-2.8365330037684	-0.975390899200882	-0.28970617098402	0.239923395362482	-0.862227916999029	-0.0691672984729203	-1.04916409501105	0.163557251917639	-0.501556920071165	-0.0649987249852976
917	-0.932101279269494	-2.67589167236786	-1.18946750526593	-0.455519334039909	-0.422341265368205	-2.75055182884061	-0.975082010281862	-0.276370372456829	0.16301198538421	-0.845172423772047	-1.85443503558016	-0.509760013901289	0.0746601564727495	-0.214385494984067	-0.17914896158308
918	-1.42064253801879	-7.94123191910448	-3.42095455628055	-0.688720381200854	-1.50305979589925	-8.33915981545654	-3.12601898249857	-0.81147959329966	0.0901728900285896	-2.615090216975	0.949608205674346	0.0824172578804655	0.397927896352053	-0.294935573781976	0.122759212098807
919	0.111399906043232	-4.55948670409898	-0.895403695020887	-0.413123085971561	-0.887020040921477	-4.40713014838201	-1.72272967774826	-0.41785481841339	-0.120560427608539	-1.40397298960315	0.20390066926345	0.998419946964709	-0.152356555716969	0.827325982727371	0.00473173244182898
920	-1.18101965204274	-2.41486298870426	-1.30188770720855	-0.54797969455594	-0.734283925434367	-3.26976605252839	-1.33623290466583	-0.300974489615733	-0.227724670627875	-1.05967502137939	-0.693116456044726	-0.446735726608369	0.854903063824124	0.0343451974572875	-0.247005204940207
921	-0.680111617251411	-5.58087535515456	-1.65676001247432	-1.43733671987788	-1.11738607834745	-5.10224104318736	-2.06343077634323	-0.473022348997887	-0.303775705175388	-1.64682397528617	0.131993144178875	0.437274461096042	-0.478634311967206	0.406670763868907	-0.96431437087999
922	-1.06160876903466	-4.04187333873992	-1.82176263852014	0.17862437746756	-0.998863736358712	-4.11076111496024	-1.73765945150151	-0.369397857571398	-0.423737338625687	-1.35014843357868	-0.574187956123367	-0.0627450326759521	0.0688877762203189	-0.084103187018631	0.548022235038958
923	-1.03925493769206	-5.92096819051431	-2.45230720678317	-0.144194910459431	-1.30213748751546	-5.46679915287671	-2.29087004227557	-0.494366277380053	-0.515912933034051	-1.78932154634418	-0.406172836112961	0.262882549823396	-0.454169037637604	-0.161437164507602	0.350171366920622
924	-1.69657512751635	-6.50990708106621	-2.25833579267193	-0.764064443392889	-1.49510926307775	-6.13695989049966	-2.59713125446027	-0.551010995691261	-0.639685088530117	-2.01656222782272	-0.350811275803404	-0.201465864438598	-0.372947190566554	0.338795461788343	-0.213053447701628
925	-1.59804854928755	-6.50632349773318	-2.60186429869239	0.506204413343204	-1.64839699909882	-6.55357659421748	-2.81293590100605	-0.582269450953612	-0.777116958579356	-2.16571728084385	0.632874911002532	0.0503484498112745	0.047253096484294	0.211071602313663	1.08847386429682
926	-1.8567012484071	-4.66246862076736	-0.630619165301374	-0.238981586151518	-1.21471543779855	-3.79715545674546	-1.82781246847128	-0.306548515336367	-0.921528449470309	-1.31627064175694	0.110615619211226	-0.641985810608551	-0.865313164021901	1.19719330316991	0.0675669291848492
927	-1.69127097135266	-2.68254537273451	-0.56630218978097	0.635244372498905	-1.10559023458207	-2.99837609616413	-1.55495638259009	-0.224683074004009	-0.993419124652188	-1.07402795837002	2.48749110038395	-0.585680736770596	0.315830723429619	0.988654192809116	0.859927446502914
928	0.942183514848318	5.72377975463637	1.76778419425377	1.15846636058079	0.40450854714447	5.26009069894456	1.55727310873418	0.576382280794855	-1.04354304893999	1.52086593785094	1.11525847825475	0.537674967703848	0.463689055691806	0.210511085519591	0.582084079785929
929	1.17632171802415	7.78833124079923	2.90900503064084	0.758583613894194	1.04851644370343	8.25253055390976	2.75882240900774	0.855152982652153	-0.885952205242872	2.48403782232059	0.792163363617078	0.127805274320718	-0.464199313110528	0.150182621633099	-0.0965693687579588
930	1.31940694064747	10.4946208321138	3.14161658409647	1.12372709676781	1.47819055922427	9.88417254436599	3.47385575781426	0.997832599294993	-0.657490136264057	3.02779740370561	-0.615977375547688	-0.158783618576796	0.610448287747796	-0.33223917371779	0.125894497472819
931	0.730955838666296	6.54297716426181	2.3201158490125	0.730787542770044	1.05998882304525	6.85840603977516	2.43659173553427	0.688301456244507	-0.393948569248305	2.10904028778736	-0.958849905247789	-0.329032984378956	-0.315428875513341	-0.116475886521765	0.042486086525537
932	0.309059004329079	2.90531876460375	0.507682363027043	0.203753360595618	0.454456342560752	3.06986785091999	1.07538150734952	0.310462582394385	-0.212639704022719	0.939286353760838	-0.256067492171583	-0.145397338231673	-0.164549086316245	-0.567699144322479	-0.106709221798768
933	0.352767203495308	1.02442520643062	1.02200594355069	0.794337566392584	0.286457723890917	1.92480508581143	0.675417969799723	0.194480122954403	-0.130577015149151	0.589290226213171	0.262579192947256	0.0663094796043907	-0.900379879380801	0.34658797375097	0.599857443438181
934	-0.513831624585081	2.14069617218473	0.0733962567604646	0.948848361681433	0.431184405178339	2.5500400892829	0.934222160906927	0.251518877864294	-0.0791924626251366	0.79294039653911	-0.307663249054398	-0.94501602976342	-0.409343917098173	-0.860825904146462	0.697329483817139
935	0.0950742553624077	1.28181592703595	0.12885401585636	0.509862132757878	0.233599114204534	1.29440135728764	0.485444280230217	0.125922583012842	-0.0134616488274358	0.405983107830801	-0.0540751508142132	-0.138524858842126	-0.0125854302516884	-0.356590264373857	0.383939549745036
936	-0.408343211055871	0.537508853473194	0.391118281045745	-0.904573080170297	0.193130519647354	0.980317598046357	0.380016672689305	0.0934430765209757	0.019234926325441	0.311309646233508	0.689713029368249	-0.601473730703225	-0.442808744573163	0.01110160835644	-0.998016156691272
937	0.416619640303536	3.03526263510851	0.895658593059255	-0.168328852687915	0.593805590727664	3.06109827373426	1.17956576766301	0.292880088467673	0.0432619931184639	0.969891710978406	0.367247523014503	-0.177185950424127	-0.0258356386257522	-0.283907174603754	-0.461208941155588
938	1.46927122979166	4.37807201778939	1.56681698646995	0.44150453734838	0.789305983360537	3.88782673957566	1.52492605272926	0.367810034684363	0.118707900133859	1.24015006289507	-0.17554369279937	0.679965246431125	0.490245278213731	0.0418909337406918	0.0736945026640176
939	-0.0834723440845136	2.70175508935135	0.981025533053345	0.212002162428722	0.656885571793752	2.89784627012915	1.18891219537236	0.266013311789306	0.212935871119904	0.940591363806192	0.173822499027856	-0.740357915878266	-0.196091180777794	-0.207886662319019	-0.0540111493605835
940	0.729361531609372	3.07490513364382	0.994218951849958	0.375500417833272	0.735839882020775	3.12327699893578	1.30264146421732	0.283400791098274	0.280058631095135	1.02035472645343	2.35009633921893	-0.00647835041140351	-0.0483718652919582	-0.308422512367364	0.0920996267349987
941	1.83077113248106	10.2889598568809	4.58265858826729	1.37436622826774	2.09835694808899	10.2305200916264	4.0290144606416	0.965328756276302	0.351139090291151	3.26841559302701	-0.56052929963095	-0.267585815607932	0.0584397652545446	0.553644127625695	0.409037471991439
942	1.23165216036215	7.07619221429498	2.92433425282814	0.20706117657291	1.69086221670699	7.31124570098572	3.02519780044881	0.667167791870909	0.598123615324531	2.38104473409336	0.595542270908115	-0.459210056344845	-0.235053486690743	-0.100863547620672	-0.460106615297999
943	1.25890598664708	9.6854332641288	3.62997173876754	0.987114747553681	1.98166968054329	8.37649193089304	3.49986479084959	0.759097555153149	0.765951667466061	2.73848253159214	-1.05173082025388	-0.722763693896213	1.30894133323576	0.130106947917948	0.228017192400532
944	2.09468019210246	4.14010010172983	0.627083738327814	0.22511948088898	1.28827160718812	4.08956644811291	1.95332697070038	0.332527681756127	0.956215174051736	1.41290345817905	2.49049517075787	0.80640858491434	0.0505336536169186	-1.32624323237256	-0.107408200867147
945	2.31422255231161	11.0509119188523	4.95475600601206	0.468250207792004	2.71401214949857	11.514897439717	4.80343082788086	1.04470933919115	1.03454895590326	3.76210828311901	-0.867565837916303	-0.399789597186965	-0.46398552086472	0.151325178131198	-0.576459131399142
946	2.33414955661038	7.77137672144412	3.5467320689144	1.01856258237728	2.10296400524799	7.45796237796694	3.37429425671152	0.635665125731762	1.29655766799861	2.51833161689081	0.323442721499313	0.231185551362382	0.313414343477179	0.172437812202883	0.382897456645516
947	1.73498602479222	7.74904327793115	3.13002976313498	0.795795036718747	2.21828176256496	7.62153129665855	3.50106727664299	0.641392757039015	1.45059278574782	2.58994117670104	0.295909061243079	-0.483295737772737	0.127511981272599	-0.371037513508007	0.154402279679732
948	2.02727733019967	8.34051732670241	3.8430480451615	0.0859329234906471	2.31320436326281	7.67486045119788	3.58611512303991	0.636455379888547	1.60486624852059	2.62685612027401	0.39622570590103	-0.285927033063148	0.665656875504527	0.256932922121589	-0.5505224563979
949	3.13700916057258	8.0321983060279	3.20106110516539	0.983862437132723	2.46404658670142	8.03597925357399	3.78687907966451	0.661416246481547	1.75661610358752	2.76039621414764	0.837393470185402	0.672962573871164	-0.00378094754608786	-0.585817974499123	0.322446190651176
950	2.06645894976003	9.85864017221275	3.6000251764432	-0.145196225500541	2.87025107640406	9.75306367336077	4.50429964734398	0.817024285469963	1.91360018233718	3.32175006291828	0.326569311784586	-0.803792126644026	0.105576498851985	-0.904274470900781	-0.962220510970504
951	2.39335952464044	11.3321863247343	4.69915643534697	0.728263705205372	2.95980524651968	9.6541404353968	4.5491073141631	0.794651033821711	2.10958676961277	3.31614436841104	0.0850357336545155	-0.566445721879242	1.67804588933752	0.150049121183872	-0.066387328616339
952	2.36207119452509	9.7972014618942	3.49149192811355	0.797299747777159	2.90342596480529	8.79327914689304	4.30173582106272	0.699154928128715	2.29820061125737	3.06956566522445	-0.94399066145312	-0.541354770280196	1.00392231500116	-0.810243892949165	0.0981448196484443
953	3.25474308470246	5.50349355633415	2.56482322213029	1.137656476833	2.24092904486417	4.75482247100219	2.83775192076538	0.298411437950605	2.46057757464826	1.81861843724889	0.290457762201753	1.01381403983829	0.748671085331964	-0.272928698635087	0.839245038882392
954	2.78769124407996	4.27412120742467	3.00630641228193	0.128981603620429	2.33229847392101	5.07582751836511	2.98363914515667	0.325670335617829	2.51793369705711	1.92721435572575	-1.18340416700071	0.455392770158947	-0.801706310940436	0.022667267125253	-0.1966887319974
955	1.2564291641421	0.747814252010081	1.66701025720451	-0.424767594112468	1.54916761885803	0.680725459939425	1.3429898415946	-0.103088888631716	2.58188104258981	0.55108875315247	-1.51896851984598	-0.292738454715925	0.0670887920706555	0.324020415609912	-0.321678705480752
956	0.399107854292077	-4.72132506808095	-0.51564145594215	0.101742577000984	0.596204130297539	-4.29664701139238	-0.565408951650131	-0.580806540973835	2.53435215302355	-1.02298864200876	0.142339404166483	-0.197096276005463	-0.424678056688577	0.0497674957079811	0.682549117974819
957	1.72044116984327	-3.43048144903782	-0.438586321685384	-0.302463528279975	0.659889311644333	-3.44933009328964	-0.315681629327688	-0.487785470486011	2.36357717391315	-0.778350373641398	0.296017662484541	1.06055185819894	0.0188486442518207	-0.122904692357696	0.185321942206035
958	1.00411618004669	-2.08898607632078	1.44812309446362	-0.960589865835303	0.81201404826679	-2.20234645317105	0.0963737112940691	-0.35782016848636	2.21825449223308	-0.404497673792718	-2.42230152722842	0.192102131779902	0.113360376850268	1.35174938316955	-0.602769697348942
959	-0.966990435137046	-9.62166606345429	-2.64610903962293	-0.0814346960132052	-0.648273193258538	-9.71799677196114	-2.80151781953454	-1.076622313138	2.10773946859798	-2.78634943364187	-0.119708011055285	-0.318717241878508	0.0963307085068442	0.155408779911615	0.995187617124798
960	-0.425613144480488	-9.81158472569328	-2.20511077919385	-1.06740330508708	-0.694420815641479	-9.09108947450945	-2.68787531288671	-0.996727248622616	1.812096062584	-2.62742250133297	0.310662475232512	0.268807671160991	-0.720495251183833	0.482764533692864	-0.0706760564644617
961	-0.266298653420611	-7.46551033706447	-2.67536375806398	-0.143038402258666	-0.484640619265152	-7.15793317280266	-2.06894814223983	-0.792153761487338	1.53951642415666	-2.05401777596716	-0.23275837758691	0.218341965844541	-0.307577164261819	-0.606415615824149	0.649115359228673
962	-0.436564566885204	-7.68043159164387	-2.50158321726869	-1.31695692942479	-0.603842764182703	-7.15477267547705	-2.15910008972834	-0.777628662772817	1.32208018423268	-2.08137437595735	0.334789079975389	0.167278197297499	-0.525658916166824	-0.342483127540351	-0.539328266651974
963	-0.0410734077187697	-5.67699245903712	-1.83670781541519	-1.31798088834616	-0.383335552197699	-5.34348126342694	-1.56092458011052	-0.588794513956412	1.11015886273994	-1.53844785838623	0.365517661814555	0.34226214447893	-0.333511195610177	-0.275783235304665	-0.729186374389745
964	-0.153755610930399	-3.1493291761946	-1.78101577441498	-0.0263136695219688	-0.152789788502555	-3.62793347693086	-0.977824292055416	-0.412517251776431	0.948817859585766	-1.01908541073305	0.816279166213976	-0.000965822427844144	0.478604300736264	-0.803191482359563	0.386203582254462
965	-0.123429449119884	-0.771990159916797	-0.573075799086966	-0.0751026443327368	0.335736795613322	-0.665703089343406	0.0979845851111095	-0.118876105251106	0.83439907617285	-0.10089770344577	1.48284415771302	-0.459166244733206	-0.106287070573391	-0.671060384198076	0.0437734609183695
966	0.625588834920129	4.19786153889822	1.84977161644312	0.36528585140994	1.20044420861804	4.08927058243762	1.88628049362619	0.342918142504075	0.796896522034944	1.39203622461183	0.434360917461243	-0.574855373697913	0.108590956460601	-0.036508877183073	0.0223677089058653
967	2.36887296029888	4.7126205431525	2.26265226783559	0.607845612270805	1.41391466867638	4.99220184566959	2.26343588185215	0.424760606587885	0.879205873545011	1.68719351961189	0.953280543059923	0.954958291622504	-0.279581302517091	-0.000783614016560471	0.18308500568292
968	2.29661653608274	7.76094131547366	3.20124114982757	0.451725352817021	1.92639453341667	7.44029642005136	3.23545018578166	0.654527826182497	0.982030772848125	2.47175471071062	-0.188545567204228	0.370222002666072	0.320644895422295	-0.0342090359540905	-0.202802473365476
969	1.93702720379868	5.93357603777291	2.1897628107083	0.179761987030849	1.74534426218903	5.99022775699999	2.75312208457259	0.503888911191778	1.14348741402821	2.03603367243533	1.71362830145506	0.191682941609653	-0.0566517192270781	-0.563359273864285	-0.324126924160929
970	2.91657022174474	10.835493852405	4.93110874893827	1.18405636748089	2.69534007553529	10.7337773949791	4.60374583350388	0.954202878984295	1.2646559226025	3.54605860664685	-1.0119716719808	0.221230146209445	0.10171645742592	0.32736291543439	0.229853488496599
971	2.1453206905465	6.60054105222519	2.84505457029303	0.150367611972032	1.99972477699081	6.29746499415359	3.02005120221261	0.510163212610898	1.50138395941192	2.17948107400137	0.449103030197432	0.145595913555685	0.303076058071603	-0.174996631919574	-0.359795600638865
972	2.19276521671191	6.9827722139933	3.63606082941762	0.299924935821978	2.19317642235019	6.98165385108286	3.33000877666313	0.568416177156474	1.62128598528046	2.41063599679867	-0.502889766377616	-0.000411205638272831	0.00111836291044384	0.306052052754483	-0.268491241334496
973	2.23019998779373	5.11289514268541	2.47231785336514	-0.455843779023242	1.8169231644881	4.56443632986946	2.46920995483048	0.326143395171188	1.75529518192552	1.66668263074118	1.49948953703024	0.41327682330563	0.548458812815958	0.00310789853466241	-0.78198717419443
974	2.87425834068322	8.46883977988889	3.43784428914196	0.788678175915097	2.63803557059991	8.76652370231491	4.09299992705806	0.727482178229078	1.82552371062412	2.99950390469731	0.103285377138794	0.236222770083312	-0.297683922426023	-0.655155637916102	0.0611959976860191
975	2.55980586055614	7.34336229666598	2.71488744980921	0.525476727498194	2.60401061963778	8.07036373602718	3.90177738243886	0.648883381400542	1.99904871041638	2.80283889136637	0.560953439187377	-0.044204759081638	-0.727001439361196	-1.18688993262965	-0.123406653902347
976	2.65203154691401	8.32618222111958	4.39458222011639	0.825055182694896	2.84183716977359	8.89854423459291	4.2797598702672	0.718961350246802	2.15083158605665	3.08350844141711	-0.796769770200539	-0.189805622859584	-0.572362013473329	0.114822349849197	0.106093832448094
977	2.13679938775864	5.37537818022613	2.50226358976714	-0.062402475127585	2.26853156528848	5.32041252633011	2.99307815910308	0.362273296907297	2.31952440227006	1.97838782707486	-1.0422055531648	-0.131732177529844	0.0549656538960247	-0.490814569335938	-0.424675772034882
978	1.7786901573347	0.770509446015216	1.64232769794552	-0.712090656537214	1.57108656225482	1.35272801544105	1.51924525836223	-0.0259206519462934	2.39454660537156	0.738343491202571	-0.27744176370793	0.207603595079886	-0.582218569425833	0.123082439583294	-0.686170004590921
979	0.645279735120616	0.456539310978707	0.958428241998183	-0.474996244290386	1.35110458448435	0.248352544741377	1.08929934563105	-0.130902619426648	2.3685011406233	0.387067378374384	0.494490296326684	-0.705824849363732	0.20818676623733	-0.130871103632869	-0.344093624863738
980	2.07959713671656	1.40711796213909	1.19516003548189	0.114707644456272	1.59540399932819	1.71721800156806	1.62432311849447	0.0144595595831412	2.31549742572625	0.84285093686363	-0.873157634926729	0.484193137388367	-0.310100039428977	-0.429163083012586	0.100248084873131
981	0.688006598991961	-0.809896044780848	0.561621239475878	-1.21338418678376	1.02236929202109	-1.31607657323728	0.467197886426411	-0.277585702797338	2.3005404401223	-0.114591791749463	-0.930110870985553	-0.334362693029126	0.506180528456433	0.0944233530494678	-0.935798483986418
982	0.570350121271385	-5.27543001310026	-1.85008527445961	-1.59127937491548	0.436508310129189	-4.19499003168369	-0.663056873010546	-0.549782591569867	2.21012501478831	-1.03324348356007	-0.142784767825985	0.133841811142196	-1.08043998141656	-1.18702840144906	-1.04149678334561
983	0.622023285400129	-4.13650864304182	-0.302258606629531	-0.570081203539539	0.337306972767799	-4.25397662353735	-0.752710771615718	-0.545008872191759	2.04999713862651	-1.07270390303005	-1.00451179835526	0.28471631263233	0.117467980495534	0.450452164986188	-0.0250723313477803
984	-0.28703234505687	-7.65141093180531	-1.90395968636107	-0.92802583719302	-0.267733241618753	-7.03711087901026	-1.87485244852787	-0.803559603454557	1.89239779457241	-1.9699453110823	-0.628907224093637	-0.0192991034381171	-0.614300052795054	-0.0291072378332013	-0.124466233738463
985	0.170547473011159	-8.38840687500219	-1.91286103327438	-1.22971848287493	-0.628818767789617	-8.31584770015774	-2.45379758334033	-0.912489407775356	1.66916007773284	-2.40185800406771	0.215573252260943	0.799366240800776	-0.0725591748444518	0.540936550065952	-0.317229075099569
986	-0.274103399009367	-6.75773736335681	-1.24987099336959	-0.889235615134173	-0.477702394003818	-6.76566976035455	-1.97052978845529	-0.746413697225736	1.41953488328558	-1.94609895139999	2.01643032166813	0.203598994994452	0.00793239699774175	0.720658795085697	-0.142821917908437
987	1.30948333040886	0.142675027145709	0.141760006569287	0.324635484573972	0.732286941220378	0.338176766543475	0.638720811099298	-0.0467830650605397	1.21490476719458	0.264941265408133	1.15869446494557	0.577196389188481	-0.195501739397766	-0.496960804530011	0.371418549634512
988	1.39961454181273	3.30787655438623	1.89362135855305	0.411863385372962	1.39114820936374	3.94151896469963	1.99663158462661	0.302741687631438	1.1929865671783	1.39714160381289	0.780071927615939	0.00846633244899924	-0.633642410313397	-0.103010226073563	0.109121697741524
989	2.01310865381617	6.29819023324454	2.96176076935338	0.719670163610974	1.8022252966946	5.94594740772333	2.78598634678217	0.491880525043789	1.26169987711633	2.03749937104754	0.416554228501631	0.210883357121575	0.352242825521211	0.17577442257121	0.227789638567185
990	1.73940008810866	7.30133022570875	2.07211376625018	0.139602978229389	1.98350502657772	6.57303789571121	3.07310601306852	0.544800493245401	1.37880606538151	2.25030366244442	0.289238089141453	-0.244104938469061	0.728292329997545	-1.00099224681834	-0.405197515016012
991	2.03841873423034	6.8870654580631	3.07289854808491	1.1487174855491	2.08299022878935	6.72311791874006	3.18460289418734	0.550806332698992	1.50866186113975	2.31451138534143	-0.39266707092387	-0.0445714945590187	0.163947539323047	-0.111704346102427	0.597911152850109
992	1.38612260666923	4.60584949823098	1.91529769758046	0.599339673340469	1.77584340750951	4.68783759699881	2.46717969136024	0.345668141925364	1.63902326257976	1.69039317588341	0.46429810303133	-0.389720800840287	-0.0819880987678305	-0.551881993779779	0.253671531415105
993	2.29960583463338	6.45222409736211	2.13706515990534	0.641123249044663	1.9864886059713	5.59361155263592	2.84285544947407	0.428183421751384	1.71524362094023	1.9856519613264	-1.92567685345001	0.31311722866208	0.858612544726186	-0.70579028956873	0.212939827293279
994	0.655206296165426	-0.913271872469367	0.894430194135047	-0.832458397637317	0.776786365046781	-1.19011684963029	0.309823094708557	-0.233481635169112	1.81220281923262	-0.138590088256243	-0.733489833301101	-0.121580068881355	0.276844977160927	0.58460709942649	-0.598976762468205
995	0.615063202166285	-3.58092869123516	-0.313221554085885	-0.0310952715842168	0.315844316293078	-3.44357822384879	-0.576681113488592	-0.446262714890835	1.73714482751105	-0.858220912731719	-3.09101328810839	0.299218885873207	-0.13735046738637	0.263459559402707	0.415167443306618
996	-1.70436145561472	-12.5829134381424	-3.55117992083657	-1.43496843188677	-1.52190535373551	-12.930208065454	-4.23035211186912	-1.3542233790668	1.60762675122706	-3.86341210956693	-0.71220743752261	-0.182456101879212	0.347294627311549	0.679172191032546	-0.0807450528199635
997	-1.19435507359742	-13.8899060700762	-4.92747608120675	-1.59093488415419	-1.88674373703302	-13.8142527546623	-4.71845519527775	-1.41585572912237	1.24418088081003	-4.18927833613285	-0.757330321200568	0.692388663435594	-0.0756533154138836	-0.209020885928998	-0.175079155031821
998	-2.97206137897155	-13.9601968052143	-4.43529183520571	-2.47751012653578	-2.26515945179177	-14.7327074354202	-5.2250814897227	-1.47996101896547	0.867720039923222	-4.52768082372013	1.27864258385541	-0.706901927179785	0.772510630205908	0.789789654516994	-0.997549107570313
999	-2.30153575148247	-8.40362145182522	-4.21834232931628	-1.01927055943752	-1.42652271981542	-9.07474981774733	-3.24228919981153	-0.907883239998053	0.477709353039637	-2.79627015749271	0.586410665949441	-0.875013031667047	0.67112836592211	-0.976053129504748	-0.111387319439462
1000	-1.15362992465969	-7.17249474792995	-2.62882898872292	-0.12261813385625	-1.02776532036846	-6.22658265272539	-2.26201711662178	-0.617125898126658	0.238897873769963	-1.930232475794	-0.527960803994836	-0.12586460429123	-0.945912095204554	-0.366811872101143	0.494507764270408
